AlleleID,DiseaseCount
24368,2
24378,2
24379,2
24382,2
24383,2
24384,2
24385,2
24386,2
24387,2
24388,2
32699,2
32700,2
32709,2
32710,2
32711,2
32714,2
32715,2
32720,2
32721,2
32732,2
32733,2
32734,2
45944,2
45945,2
45946,2
45948,2
45949,2
45954,2
45955,2
45956,2
45958,2
45959,2
45960,2
45966,2
45967,2
45970,2
45971,2
45972,2
45975,2
45976,2
45977,2
45978,2
45979,2
45980,2
45982,2
45983,2
45985,2
45989,2
45992,2
45996,2
45997,2
45998,2
45999,2
46002,2
46003,2
46005,2
46006,2
46007,2
46008,2
46009,2
46010,2
46011,2
46016,2
46017,2
46019,2
46020,2
46021,2
46024,2
46026,2
46029,2
46031,2
46032,2
46033,2
46034,2
46035,2
46036,2
46038,2
46040,2
46041,2
46042,2
46043,2
46044,2
46045,2
46046,2
46049,2
46050,2
46055,2
46056,2
46057,2
46060,2
46061,2
46062,2
46063,2
46065,2
46066,2
46069,2
46071,2
46073,2
46078,2
46080,2
46081,2
46083,2
46084,2
46085,2
46092,2
46093,2
46096,2
46097,2
46099,2
46104,2
46105,2
46110,2
46111,2
46112,2
46113,2
46114,2
46115,2
46117,2
46118,2
46119,2
46120,2
46121,2
46122,2
46123,2
46125,2
46127,2
46128,2
46129,2
46131,2
46132,2
46136,2
46137,2
46138,2
46139,2
46140,2
46141,2
46147,2
46149,2
46150,2
46152,2
46153,2
46154,2
46155,2
46156,2
46157,2
46159,2
46160,2
46161,2
46162,2
46163,2
46168,2
46169,2
46170,2
46171,2
46174,2
46175,2
46176,2
46177,2
46181,2
46182,2
46183,2
46184,2
46185,2
46186,2
46187,2
46188,2
46189,2
46190,2
46191,2
46192,2
46193,2
46194,2
46195,2
46196,2
46197,2
46198,2
46199,2
46201,2
46202,2
46203,2
46204,2
46206,2
46210,2
46212,2
46214,2
46215,2
46216,2
46217,2
46219,2
46220,2
46222,2
46223,2
46224,2
46226,2
46227,2
46228,2
46229,2
46230,2
46231,2
46232,2
46233,2
46235,2
46236,2
46237,2
46240,2
46241,2
46242,2
46245,2
46246,2
46248,2
46252,2
46253,2
46256,2
46257,2
46258,2
46259,2
46262,2
46263,2
46265,2
46267,2
46268,2
46269,2
46270,2
46272,2
46273,2
46274,2
46275,2
46276,2
46277,2
46278,2
46283,2
46285,2
46288,2
46290,2
46294,2
46295,2
46296,2
46297,2
46298,2
46299,2
46300,2
46301,2
46302,2
46303,2
46305,2
46306,2
46307,2
46308,2
46309,2
46311,2
46313,2
46314,2
46315,2
46316,2
46320,2
46321,2
46322,2
46323,2
46324,2
46326,2
46327,2
46328,2
46331,2
46333,2
46334,2
46335,2
46336,2
46337,2
46339,2
46340,2
46341,2
46342,2
46344,2
46345,2
46346,2
46347,2
46350,2
46353,2
46354,2
46355,2
46356,2
46357,2
46359,2
46360,2
46361,2
46362,2
46363,2
46364,2
46365,2
46366,2
46368,2
46369,2
46371,2
46372,2
46373,2
46374,2
46375,2
46376,2
46377,2
46378,2
46379,2
46381,2
46384,2
46385,2
46388,2
46389,2
46390,2
46391,2
46392,2
46393,2
46394,2
46395,2
46396,2
46397,2
46398,2
46399,2
46400,2
46401,2
46403,2
46404,2
46405,2
46406,2
46407,2
46408,2
46410,2
46413,2
46419,2
46421,2
46422,2
46423,2
46425,2
46427,2
46430,2
46434,2
46438,2
46440,2
46442,2
46443,2
46444,2
46445,2
46446,2
46449,2
46452,2
46453,2
46454,2
46456,2
46464,2
46465,2
46466,2
46467,2
46470,2
46472,2
46473,2
46476,2
46478,2
46479,2
46480,2
46481,2
46482,2
46483,2
46484,2
46486,2
46487,2
46488,2
46492,2
46493,2
46494,2
46497,2
46498,2
46500,2
46501,2
46502,2
46504,2
46506,2
46508,2
46514,2
46520,2
46524,2
46525,2
46527,2
46528,2
46529,2
46530,2
46535,2
46538,2
46539,2
46540,2
46541,2
46542,2
46543,2
46545,2
46546,2
46547,2
46548,2
46550,2
46551,2
46552,2
46553,2
46556,2
46558,2
46559,2
46560,2
46561,2
46562,2
46563,2
46564,2
46565,2
46566,2
46567,2
46568,2
46570,2
46572,2
46574,2
46575,2
46576,2
46577,2
46578,2
46579,2
46580,2
46581,2
46582,2
46583,2
46584,2
46586,2
46588,2
46589,2
46590,2
46591,2
46592,2
46593,2
46595,2
46596,2
46601,2
46605,2
46607,2
46608,2
46610,2
46614,2
46617,2
46619,2
46620,2
46622,2
46624,2
46625,2
46626,2
46627,2
46628,2
46629,2
46632,2
46633,2
46634,2
46636,2
46637,2
46639,2
46640,2
46641,2
46642,2
46644,2
46645,2
46652,2
46653,2
46654,2
46655,2
46656,2
46658,2
46660,2
46663,2
46664,2
46665,2
46666,2
46667,2
46668,2
46670,2
46671,2
46672,2
46674,2
46676,2
46677,2
46678,2
46679,2
46680,2
46681,2
46683,2
46684,2
46685,2
46686,2
46687,2
46688,2
46690,2
46691,2
46692,2
46693,2
46694,2
46695,2
46696,2
46697,2
46698,2
46700,2
46701,2
46703,2
46706,2
46707,2
46708,2
46710,2
46711,2
46712,2
46713,2
46714,2
46716,2
46717,2
46718,2
46719,2
46720,2
46721,2
46724,2
46727,2
46728,2
46729,2
46730,2
46731,2
46732,2
46733,2
46735,2
46736,2
46737,2
46738,2
46739,2
46740,2
46741,2
46742,2
46743,2
46744,2
46745,2
46746,2
46747,2
46749,2
46750,2
46753,2
46754,2
46756,2
46757,2
46758,2
46759,2
46761,2
46763,2
46766,2
46767,2
46768,2
46769,2
46770,2
46771,2
46772,2
46773,2
46774,2
46775,2
46776,2
46778,2
46779,2
46780,2
46783,2
46784,2
46785,2
46786,2
46787,2
46788,2
46789,2
46790,2
46791,2
46792,2
46793,2
46794,2
46797,2
46798,2
46799,2
46800,2
46801,2
46802,2
46803,2
46804,2
46806,2
46807,2
46808,2
46809,2
46810,2
46811,2
46812,2
46813,2
46814,2
46815,2
46817,2
46818,2
46819,2
46820,2
46821,2
46822,2
49978,2
49979,2
49980,2
49981,2
49982,2
49983,2
49984,2
49985,2
49986,2
49987,2
49988,2
49990,2
49993,2
49995,2
49997,2
49998,2
49999,2
50000,2
50001,2
50002,2
50003,2
50004,2
50006,2
50007,2
50008,2
50009,2
50010,2
50011,2
50242,2
50243,2
50244,2
50245,2
50246,2
50247,2
50248,2
50249,2
50250,2
50251,2
50252,2
50253,2
50254,2
50255,2
50256,2
50257,2
50258,2
50259,2
50260,2
50262,2
50263,2
50264,2
50265,2
50266,2
50267,2
50268,2
50269,2
50270,2
50271,2
50274,2
65702,2
65703,2
65704,2
65706,2
65707,2
65709,2
65710,2
65711,2
65712,2
65713,2
65714,2
65715,2
65716,2
65717,2
65718,2
65719,2
65720,2
65721,2
65722,2
65723,2
65724,2
65725,2
65726,2
65727,2
65728,2
65731,2
65732,2
65733,2
65734,2
65735,2
65736,2
65740,2
65741,2
65744,2
65745,2
65746,2
65747,2
65749,2
65750,2
65751,2
65753,2
65754,2
65757,2
65758,2
65759,2
65760,2
65761,2
65763,2
65768,2
65769,2
65770,2
65772,2
65773,2
65774,2
65775,2
65776,2
65779,2
65780,2
65784,2
65785,2
65786,2
65788,2
65789,2
65790,2
65791,2
65793,2
65794,2
65796,2
65797,2
65798,2
65799,2
65800,2
65801,2
65807,2
65810,2
65811,2
65812,2
65814,2
65815,2
65817,2
65821,2
65825,2
65826,2
65827,2
65828,2
65831,2
65832,2
65834,2
65835,2
65837,2
65838,2
65841,2
65842,2
65843,2
65847,2
65848,2
65849,2
65850,2
65853,2
65854,2
65857,2
65859,2
65860,2
65861,2
65862,2
65863,2
65865,2
65867,2
65868,2
65873,2
65874,2
65875,2
65876,2
65877,2
65878,2
65882,2
65884,2
65886,2
65893,2
65894,2
65895,2
65896,2
65898,2
65899,2
65900,2
65901,2
65902,2
65903,2
65904,2
65908,2
65911,2
65913,2
65914,2
65915,2
65916,2
65917,2
65919,2
65921,2
65922,2
65923,2
65924,2
65925,2
65926,2
65927,2
65930,2
65931,2
65932,2
65933,2
65936,2
65937,2
65938,2
65939,2
65940,2
65941,2
65942,2
65943,2
65945,2
65946,2
65947,2
65948,2
65949,2
65950,2
65953,2
65956,2
65958,2
65959,2
65960,2
65962,2
65964,2
65965,2
65966,2
65967,2
65968,2
65969,2
65970,2
65971,2
65973,2
65974,2
65980,2
65982,2
65983,2
65988,2
65991,2
65993,2
65994,2
65996,2
65997,2
66001,2
66002,2
66003,2
66004,2
66008,2
66011,2
66014,2
66017,2
66021,2
66023,2
66026,2
66028,2
66029,2
66032,2
66033,2
66034,2
66035,2
66036,2
66037,2
66038,2
66042,2
66043,2
66044,2
66045,2
66047,2
66048,2
66049,2
66050,2
66051,2
66052,2
66053,2
66056,2
66058,2
66061,2
66062,2
66063,2
66064,2
66065,2
66066,2
66068,2
66069,2
66070,2
66071,2
66072,2
66074,2
66075,2
66077,2
66078,2
66079,2
66080,2
66082,2
66083,2
66084,2
66085,2
66091,2
66092,2
66093,2
66096,2
66098,2
66099,2
66100,2
66101,2
66103,2
66106,2
66109,2
66112,2
66114,2
66115,2
66116,2
66117,2
66118,2
66121,2
66123,2
66125,2
66126,2
66127,2
66128,2
66129,2
66130,2
66131,2
66132,2
66133,2
66135,2
66138,2
66139,2
66141,2
66143,2
66144,2
66145,2
66147,2
66148,2
66149,2
66151,2
66152,2
66156,2
66158,2
66160,2
66162,2
66163,2
66168,2
66169,2
66170,2
66171,2
66175,2
66181,2
66182,2
66183,2
66185,2
66186,2
66187,2
66188,2
66192,2
66193,2
66194,2
66195,2
66197,2
66198,2
66199,2
66202,2
66205,2
66206,2
66208,2
66210,2
66215,2
66218,2
66219,2
66221,2
66226,2
66227,2
66229,2
66231,2
66235,2
66236,2
66237,2
66239,2
66241,2
66242,2
66243,2
66244,2
66245,2
66247,2
66248,2
66251,2
66253,2
66254,2
66256,2
66257,2
66259,2
66260,2
66261,2
66267,2
66275,2
66277,2
66279,2
66281,2
66284,2
66286,2
66288,2
66289,2
66290,2
66291,2
66295,2
66296,2
66298,2
66299,2
66300,2
66301,2
66303,2
66304,2
66305,2
66309,2
66312,2
66313,2
66315,2
66316,2
66317,2
66323,2
66324,2
66325,2
66326,2
66327,2
66328,2
66329,2
66332,2
66333,2
66336,2
66338,2
66341,2
66342,2
66343,2
66344,2
66345,2
66346,2
66347,2
66350,2
66351,2
66357,2
66358,2
66359,2
66360,2
66362,2
66363,2
66364,2
66367,2
66370,2
66373,2
66374,2
66376,2
66377,2
66378,2
66379,2
66385,2
66390,2
66391,2
66392,2
66395,2
66396,2
66397,2
66398,2
66399,2
66400,2
66402,2
66404,2
66405,2
66406,2
66408,2
66409,2
66411,2
66412,2
66417,2
66418,2
66422,2
66424,2
66425,2
66426,2
66428,2
66433,2
66434,2
66435,2
66436,2
66437,2
66438,2
66439,2
66442,2
66450,2
66451,2
66452,2
66453,2
66454,2
66455,2
66457,2
66458,2
66461,2
66462,2
66463,2
66465,2
66466,2
66467,2
66468,2
66469,2
66470,2
66471,2
66473,2
66476,2
66477,2
66478,2
66479,2
66481,2
66486,2
66487,2
66493,2
66496,2
66498,2
66500,2
66501,2
66502,2
66503,2
66504,2
66505,2
66506,2
66508,2
66509,2
66510,2
66520,2
66521,2
66523,2
66524,2
66525,2
66526,2
66527,2
66528,2
66530,2
66533,2
66535,2
66536,2
66539,2
66540,2
66541,2
66542,2
66543,2
66544,2
66548,2
66555,2
66556,2
66557,2
66559,2
66562,2
66563,2
66564,2
66567,2
66568,2
66569,2
66570,2
66571,2
66572,2
66574,2
66575,2
66577,2
66578,2
66580,2
66581,2
66585,2
66587,2
66588,2
66589,2
66591,2
66592,2
66593,2
66595,2
66596,2
66598,2
66601,2
66604,2
66605,2
66607,2
66610,2
66611,2
66616,2
66618,2
66620,2
66622,2
66623,2
66624,2
66625,2
66626,2
66627,2
66629,2
66632,2
66633,2
66634,2
66641,2
66646,2
66647,2
66648,2
66650,2
66651,2
66652,2
66655,2
66656,2
66658,2
66659,2
66660,2
66663,2
66664,2
66666,2
66668,2
66669,2
66672,2
66674,2
66676,2
66677,2
66679,2
66680,2
66684,2
66685,2
66687,2
66689,2
66691,2
66692,2
66694,2
66696,2
66701,2
66702,2
66707,2
66708,2
66714,2
66716,2
66717,2
66719,2
66720,2
66721,2
66722,2
66723,2
66724,2
66725,2
66726,2
66728,2
66729,2
66730,2
66731,2
66732,2
66733,2
66735,2
66736,2
66741,2
66742,2
66745,2
66746,2
66751,2
66755,2
66756,2
66757,2
66762,2
66764,2
66776,2
66777,2
66778,2
66779,2
66780,2
66781,2
66789,2
66791,2
66792,2
66793,2
66794,2
66796,2
66797,2
66802,2
66807,2
66810,2
66815,2
66817,2
66819,2
66824,2
66827,2
66828,2
66829,2
66830,2
66831,2
66832,2
66833,2
66834,2
66835,2
66836,2
66837,2
66838,2
66840,2
66842,2
66847,2
66848,2
66849,2
66850,2
66851,2
66852,2
66853,2
66854,2
66855,2
66857,2
66858,2
66859,2
66861,2
66862,2
66863,2
66866,2
66867,2
66869,2
66870,2
66873,2
66875,2
66876,2
66877,2
66878,2
66880,2
66881,2
66882,2
66883,2
66884,2
66885,2
66886,2
66887,2
66888,2
66889,2
66890,2
66891,2
66892,2
66893,2
66894,2
66895,2
66897,2
66899,2
66901,2
66905,2
66906,2
66907,2
66908,2
66909,2
66910,2
66911,2
66912,2
66913,2
66914,2
66915,2
66916,2
66917,2
66918,2
66922,2
66924,2
66925,2
66926,2
66927,2
66928,2
66929,2
66931,2
66933,2
66934,2
66936,2
66939,2
66940,2
66942,2
66945,2
66947,2
66948,2
66951,2
66952,2
66953,2
66958,2
66959,2
66962,2
66964,2
66965,2
66967,2
66969,2
66971,2
66972,2
66973,2
66974,2
66975,2
66976,2
66977,2
66979,2
66981,2
66982,2
66984,2
66985,2
66986,2
66989,2
66990,2
66991,2
66992,2
66993,2
66994,2
66995,2
66996,2
66997,2
66998,2
66999,2
67000,2
67002,2
67003,2
67004,2
67005,2
67007,2
67009,2
67010,2
67013,2
67014,2
67015,2
67017,2
67021,2
67023,2
67024,2
67026,2
67028,2
67029,2
67030,2
67031,2
67032,2
67033,2
67035,2
67036,2
67037,2
67038,2
67039,2
67040,2
67041,2
67042,2
67044,2
67045,2
67054,2
67057,2
67060,2
67062,2
67063,2
67064,2
67065,2
67066,2
67068,2
67069,2
67070,2
67074,2
67075,2
67076,2
67078,2
67079,2
67080,2
67081,2
67082,2
67083,2
67084,2
67085,2
67086,2
67087,2
67088,2
67090,2
67091,2
67092,2
67095,2
67096,2
67098,2
67100,2
67101,2
67102,2
67104,2
67105,2
67106,2
67107,2
67109,2
67110,2
67111,2
67112,2
67113,2
67115,2
67116,2
67118,2
67119,2
67120,2
67121,2
67123,2
67126,2
67127,2
67129,2
67130,2
67131,2
67132,2
67133,2
67134,2
67135,2
67136,2
67138,2
67139,2
67140,2
67143,2
67146,2
67148,2
67149,2
67150,2
67153,2
67156,2
67157,2
67159,2
67161,2
67165,2
67167,2
67168,2
67169,2
67171,2
67172,2
67173,2
67174,2
67175,2
67177,2
67178,2
67179,2
67180,2
67181,2
67182,2
67183,2
67184,2
67185,2
67187,2
67188,2
67189,2
67190,2
67191,2
67192,2
67193,2
67194,2
67197,2
67203,2
67206,2
67210,2
67211,2
67214,2
67215,2
67216,2
67218,2
67219,2
67220,2
67221,2
67222,2
67223,2
67227,2
67228,2
67229,2
67230,2
67231,2
67232,2
67233,2
67234,2
67235,2
67236,2
67237,2
67238,2
67239,2
67240,2
67243,2
67244,2
67245,2
67246,2
67249,2
67250,2
67251,2
67252,2
67253,2
67254,2
67257,2
67258,2
67259,2
67260,2
67261,2
67262,2
67263,2
67266,2
67267,2
67268,2
67269,2
67270,2
67271,2
67272,2
67273,2
67274,2
67275,2
67277,2
67278,2
67279,2
67280,2
67284,2
67285,2
67287,2
67290,2
67291,2
67292,2
67293,2
67294,2
67297,2
67298,2
67300,2
67302,2
67303,2
67304,2
67305,2
67306,2
67307,2
67308,2
67309,2
67310,2
67311,2
67312,2
67316,2
67319,2
67320,2
67321,2
67322,2
67323,2
67326,2
67330,2
67332,2
67333,2
67334,2
67335,2
67336,2
67337,2
67338,2
67339,2
67340,2
67341,2
67343,2
67344,2
67345,2
67346,2
67347,2
67349,2
67350,2
67351,2
67354,2
67355,2
67360,2
67361,2
67362,2
67364,2
67365,2
67368,2
67370,2
67372,2
67373,2
67376,2
67377,2
67378,2
67379,2
67380,2
67383,2
67384,2
67385,2
67390,2
67391,2
67392,2
67393,2
67394,2
67396,2
67400,2
67401,2
67404,2
67405,2
67410,2
67411,2
67412,2
67417,2
67419,2
67420,2
67421,2
67422,2
67423,2
67424,2
67425,2
67426,2
67427,2
67428,2
67429,2
67430,2
67431,2
67433,2
67434,2
67435,2
67437,2
67438,2
67440,2
67441,2
67442,2
67443,2
67444,2
67445,2
67446,2
67447,2
67448,2
67450,2
67451,2
67452,2
67455,2
67456,2
67458,2
67459,2
67460,2
67461,2
67462,2
67464,2
67466,2
67467,2
67468,2
67471,2
67472,2
67473,2
67474,2
67475,2
67476,2
67477,2
67478,2
67479,2
67482,2
67484,2
67485,2
67486,2
67487,2
67490,2
67491,2
67492,2
67493,2
67494,2
67495,2
67497,2
67498,2
67501,2
67502,2
67506,2
67507,2
67509,2
67512,2
67515,2
67516,2
67519,2
67520,2
67521,2
67522,2
67523,2
67524,2
67525,2
67526,2
67527,2
67529,2
67531,2
67533,2
67535,2
67536,2
67537,2
67539,2
67540,2
67541,2
67542,2
67544,2
67545,2
67546,2
67548,2
67549,2
67550,2
67551,2
67552,2
67553,2
67554,2
67555,2
67558,2
67559,2
67561,2
67562,2
67563,2
67564,2
67565,2
67566,2
67567,2
67568,2
67569,2
67570,2
67571,2
67572,2
67573,2
67574,2
67575,2
67576,2
67578,2
67579,2
67580,2
67581,2
67582,2
67583,2
67584,2
67585,2
67586,2
67587,2
67588,2
67589,2
67594,2
68766,2
68768,2
68771,2
68774,2
68775,2
68776,2
68777,2
68778,2
68779,2
68780,2
68781,2
68785,2
68787,2
68788,2
68795,2
68796,2
68798,2
68799,2
68801,2
68802,2
68803,2
68806,2
68809,2
68810,2
68811,2
68812,2
68813,2
68814,2
68818,2
68819,2
68820,2
68826,2
68827,2
68828,2
68830,2
68831,2
68833,2
68835,2
68839,2
68841,2
68842,2
68843,2
68845,2
68846,2
68847,2
68850,2
68852,2
68854,2
68858,2
68859,2
68860,2
68862,2
68863,2
68866,2
68867,2
68869,2
68870,2
68871,2
68876,2
68877,2
68879,2
68881,2
68882,2
68883,2
68884,2
68885,2
68886,2
68887,2
68889,2
68894,2
68895,2
68897,2
68904,2
68906,2
68907,2
68908,2
68909,2
68912,2
68913,2
68914,2
68915,2
68916,2
68917,2
68918,2
68922,2
68924,2
68925,2
68926,2
68927,2
68928,2
68929,2
68930,2
68931,2
68932,2
68934,2
68941,2
68944,2
68945,2
68947,2
68950,2
68951,2
68953,2
68955,2
68957,2
68958,2
68960,2
68962,2
68964,2
68965,2
68966,2
68967,2
68970,2
68971,2
68974,2
68976,2
68977,2
68978,2
68980,2
68981,2
68983,2
68986,2
68987,2
68988,2
68990,2
68991,2
68992,2
68993,2
68995,2
68996,2
68997,2
69001,2
69002,2
69004,2
69005,2
69006,2
69007,2
69008,2
69009,2
69011,2
69012,2
69014,2
69015,2
69016,2
69018,2
69019,2
69021,2
69023,2
69025,2
69026,2
69027,2
69031,2
69034,2
69036,2
69038,2
69039,2
69040,2
69041,2
69042,2
69044,2
69045,2
69047,2
69048,2
69049,2
69051,2
69052,2
69053,2
69054,2
69056,2
69058,2
69059,2
69061,2
69063,2
69064,2
69066,2
69067,2
69068,2
69069,2
69070,2
69071,2
69074,2
69075,2
69082,2
69085,2
69088,2
69089,2
69090,2
69091,2
69092,2
69093,2
69094,2
69095,2
69097,2
69098,2
69099,2
69100,2
69102,2
69103,2
69106,2
69109,2
69111,2
69112,2
69114,2
69115,2
69117,2
69120,2
69122,2
69123,2
69124,2
69126,2
69127,2
69128,2
69131,2
69132,2
69133,2
69134,2
69135,2
69138,2
69139,2
69140,2
69141,2
69143,2
69146,2
69148,2
69150,2
69153,2
69154,2
69155,2
69159,2
69161,2
69166,2
69170,2
69172,2
69173,2
69174,2
69175,2
69179,2
69183,2
69185,2
69186,2
69187,2
69189,2
69191,2
69192,2
69194,2
69195,2
69196,2
69200,2
69201,2
69205,2
69206,2
69207,2
69208,2
69209,2
69212,2
69217,2
69218,2
69223,2
69224,2
69227,2
69228,2
69229,2
69230,2
69231,2
69232,2
69233,2
69234,2
69236,2
69237,2
69242,2
69243,2
69247,2
69248,2
69258,2
69259,2
69260,2
69261,2
69262,2
69268,2
69271,2
69272,2
69273,2
69274,2
69275,2
69276,2
69277,2
69278,2
69280,2
69281,2
69282,2
69283,2
69285,2
69290,2
69291,2
69292,2
69295,2
69299,2
69301,2
69302,2
69305,2
69307,2
69309,2
69311,2
69314,2
69316,2
69318,2
69322,2
69324,2
69329,2
69331,2
69332,2
69333,2
69334,2
69338,2
69339,2
69340,2
69343,2
69346,2
69347,2
69350,2
69355,2
69356,2
69358,2
69368,2
69370,2
69371,2
69373,2
69375,2
69376,2
69378,2
69381,2
69382,2
69384,2
69386,2
69387,2
69389,2
69391,2
69392,2
69394,2
69395,2
69399,2
69407,2
69408,2
69409,2
69412,2
69413,2
69417,2
69418,2
69419,2
69421,2
69422,2
69423,2
69425,2
69426,2
69427,2
69428,2
69429,2
69431,2
69432,2
69433,2
69434,2
69436,2
69440,2
69442,2
69443,2
69444,2
69445,2
69447,2
69448,2
69454,2
69456,2
69457,2
69462,2
69467,2
69469,2
69470,2
69471,2
69475,2
69476,2
69477,2
69479,2
69481,2
69482,2
69485,2
69487,2
69492,2
69495,2
69497,2
69498,2
69499,2
69500,2
69501,2
69503,2
69511,2
69512,2
69515,2
69516,2
69520,2
69522,2
69527,2
69529,2
69533,2
69534,2
69535,2
69536,2
69537,2
69538,2
69540,2
69545,2
69546,2
69547,2
69550,2
69551,2
69553,2
69554,2
69557,2
69558,2
69560,2
69561,2
69566,2
69567,2
69569,2
69572,2
69573,2
69574,2
69575,2
69578,2
69579,2
69580,2
69583,2
69584,2
69589,2
69592,2
69593,2
69594,2
69596,2
69597,2
69598,2
69599,2
69600,2
69601,2
69602,2
69603,2
69604,2
69605,2
69607,2
69609,2
69615,2
69616,2
69618,2
69620,2
69622,2
69623,2
69624,2
69625,2
69626,2
69631,2
69637,2
69638,2
69640,2
69641,2
69645,2
69646,2
69647,2
69649,2
69650,2
69652,2
69653,2
69654,2
69655,2
69657,2
69658,2
69661,2
69667,2
69670,2
69672,2
69673,2
69674,2
69676,2
69678,2
69679,2
69682,2
69686,2
69687,2
69689,2
69692,2
69694,2
69695,2
69696,2
69702,2
69703,2
69706,2
69707,2
69708,2
69711,2
69712,2
69713,2
69717,2
69720,2
69723,2
69724,2
69725,2
69726,2
69727,2
69729,2
69731,2
69734,2
69739,2
69742,2
69743,2
69744,2
69748,2
69751,2
69752,2
69754,2
69756,2
69757,2
69763,2
69764,2
69765,2
69766,2
69770,2
69772,2
69773,2
69775,2
69777,2
69778,2
69781,2
69786,2
69790,2
69792,2
69794,2
69795,2
69798,2
69800,2
69801,2
69802,2
69804,2
69805,2
69806,2
69807,2
69808,2
69810,2
69811,2
69812,2
69813,2
69814,2
69815,2
69818,2
69819,2
69820,2
69821,2
69822,2
69823,2
69824,2
69828,2
69829,2
69830,2
69833,2
69836,2
69840,2
69841,2
69842,2
69843,2
69844,2
69845,2
69847,2
69848,2
69849,2
69850,2
69852,2
69854,2
69858,2
69859,2
69860,2
69861,2
69862,2
69863,2
69868,2
69870,2
69873,2
69874,2
69875,2
69876,2
69877,2
69880,2
69881,2
69882,2
69883,2
69884,2
69885,2
69886,2
69888,2
69891,2
69893,2
69894,2
69895,2
69898,2
69900,2
69902,2
69903,2
69904,2
69906,2
69907,2
69908,2
69909,2
69911,2
69912,2
69913,2
69914,2
69915,2
69916,2
69918,2
69920,2
69921,2
69922,2
69923,2
69924,2
69926,2
69928,2
69929,2
69931,2
69932,2
69933,2
69935,2
69937,2
69939,2
69940,2
69941,2
69942,2
69943,2
69944,2
69946,2
69948,2
69950,2
69951,2
69952,2
69953,2
69954,2
69955,2
69957,2
69958,2
69959,2
69960,2
69961,2
69962,2
69963,2
69964,2
69968,2
69969,2
69970,2
69973,2
69974,2
69976,2
69977,2
69978,2
69980,2
69981,2
69983,2
69984,2
69985,2
69986,2
69987,2
69988,2
69992,2
69997,2
69998,2
70000,2
70004,2
70005,2
70006,2
70007,2
70008,2
70009,2
70010,2
70011,2
70012,2
70013,2
70014,2
70015,2
70016,2
70017,2
70018,2
70019,2
70020,2
70026,2
70028,2
70029,2
70030,2
70031,2
70032,2
70033,2
70034,2
70036,2
70037,2
70038,2
70040,2
70041,2
70042,2
70043,2
70044,2
70045,2
70046,2
70047,2
70048,2
70049,2
70050,2
70054,2
70056,2
70057,2
70058,2
70059,2
70060,2
70062,2
70063,2
70064,2
70065,2
70066,2
70067,2
70070,2
70072,2
70073,2
70074,2
70076,2
70077,2
70079,2
70080,2
70081,2
70082,2
70083,2
70084,2
70085,2
70086,2
70087,2
70090,2
70092,2
70093,2
70094,2
70095,2
70096,2
70097,2
70099,2
70100,2
70101,2
70102,2
70105,2
70108,2
70109,2
70110,2
70114,2
70115,2
70118,2
70119,2
70120,2
70121,2
70122,2
70123,2
70125,2
70128,2
70129,2
70131,2
70132,2
70133,2
70134,2
70135,2
70139,2
70140,2
70141,2
70142,2
70143,2
70145,2
70146,2
70147,2
70148,2
70149,2
70150,2
70151,2
70152,2
70154,2
70155,2
70156,2
70157,2
70161,2
70162,2
70163,2
70164,2
70165,2
70166,2
70167,2
70168,2
70169,2
70170,2
70172,2
70174,2
70177,2
70178,2
70180,2
70181,2
70182,2
70185,2
70186,2
70188,2
70189,2
70194,2
70195,2
70197,2
70198,2
70199,2
70200,2
70201,2
70202,2
70203,2
70204,2
70205,2
70206,2
70207,2
70208,2
70209,2
70211,2
70212,2
70213,2
70214,2
70215,2
70217,2
70218,2
70219,2
70220,2
70223,2
70224,2
70226,2
70228,2
70229,2
70230,2
70231,2
70232,2
70233,2
70234,2
70235,2
70236,2
70237,2
70239,2
70240,2
70242,2
70243,2
70244,2
70245,2
70247,2
70248,2
70249,2
70250,2
70252,2
70253,2
70254,2
70255,2
70256,2
70257,2
70259,2
70261,2
70265,2
70268,2
70271,2
70272,2
70273,2
70274,2
70275,2
70276,2
70278,2
70280,2
70281,2
70282,2
70283,2
70286,2
70287,2
70288,2
70289,2
70291,2
70293,2
70294,2
70296,2
70297,2
70298,2
70299,2
70300,2
70301,2
70302,2
70303,2
70304,2
70305,2
70306,2
70308,2
70309,2
70310,2
70311,2
70312,2
70313,2
70314,2
70315,2
70319,2
70322,2
70323,2
70325,2
70329,2
70330,2
70332,2
70336,2
70337,2
70338,2
70339,2
70340,2
70341,2
70344,2
70345,2
70346,2
70349,2
70351,2
70354,2
70355,2
70356,2
70357,2
70358,2
70360,2
70363,2
70365,2
70366,2
70367,2
70368,2
70369,2
70370,2
70371,2
70373,2
70375,2
70377,2
70380,2
70382,2
70383,2
70385,2
70386,2
70387,2
70388,2
70391,2
70392,2
70393,2
70394,2
70397,2
70398,2
70399,2
70403,2
70404,2
70405,2
70406,2
70408,2
70409,2
70410,2
70412,2
70413,2
70414,2
70423,2
70425,2
70427,2
70428,2
70429,2
70433,2
70434,2
70436,2
70438,2
70441,2
70442,2
70443,2
70444,2
70446,2
70574,2
94582,2
94583,2
94586,2
94587,2
94590,2
94595,2
94596,2
94597,2
94599,2
94601,2
94602,2
94603,2
94607,2
96886,2
96887,2
96891,2
96892,2
96893,2
96894,2
96896,2
96897,2
96898,2
96899,2
96901,2
96902,2
96904,2
96905,2
96906,2
96907,2
96908,2
96909,2
96910,2
96914,2
96915,2
96916,2
96917,2
96918,2
96919,2
96920,2
96921,2
96923,2
96927,2
96928,2
96929,2
96930,2
96932,2
96933,2
96934,2
96935,2
96936,2
96937,2
96939,2
96940,2
96942,2
96943,2
96944,2
96946,2
96947,2
96949,2
96950,2
96951,2
96952,2
96953,2
96954,2
96955,2
96956,2
96957,2
96960,2
96961,2
96962,2
96963,2
96964,2
96965,2
96966,2
96967,2
96968,2
96969,2
96970,2
96971,2
96972,2
96973,2
96975,2
96976,2
96977,2
96978,2
96979,2
96980,2
96982,2
96984,2
96985,2
96986,2
96988,2
96990,2
96991,2
96992,2
96994,2
96995,2
96998,2
96999,2
97001,2
97002,2
97003,2
97004,2
97006,2
97008,2
97009,2
97010,2
97013,2
97014,2
97015,2
97017,2
97018,2
97019,2
97022,2
97024,2
97025,2
97028,2
97029,2
97030,2
97032,2
97033,2
97034,2
97035,2
97036,2
97039,2
97041,2
97042,2
97043,2
97045,2
97047,2
97049,2
97052,2
97053,2
97058,2
97059,2
97060,2
97061,2
97063,2
97064,2
97066,2
97068,2
97069,2
97070,2
97071,2
97074,2
97075,2
97077,2
97081,2
97082,2
97083,2
97087,2
97088,2
97092,2
97094,2
97095,2
97096,2
97097,2
97099,2
97100,2
97103,2
97104,2
97105,2
97106,2
97107,2
97109,2
97110,2
97111,2
97112,2
97113,2
97114,2
97115,2
97116,2
97118,2
97119,2
97120,2
97122,2
97123,2
97124,2
97125,2
97126,2
97127,2
97128,2
97130,2
97131,2
97133,2
97134,2
97135,2
97136,2
97137,2
97138,2
97139,2
97140,2
97141,2
97142,2
97143,2
97145,2
97207,2
97208,2
97209,2
97210,2
97211,2
97212,2
97213,2
97214,2
97215,2
97216,2
97218,2
97219,2
97220,2
97221,2
97223,2
97224,2
97225,2
97226,2
97227,2
97229,2
97230,2
97231,2
97232,2
97233,2
97234,2
97235,2
97236,2
97237,2
97239,2
97241,2
97242,2
97244,2
97245,2
97246,2
97247,2
97248,2
97249,2
97251,2
97253,2
97255,2
97258,2
97259,2
97260,2
97262,2
97265,2
97266,2
97267,2
97268,2
97270,2
97271,2
97272,2
97273,2
97276,2
97277,2
97278,2
97279,2
97280,2
97281,2
97283,2
97284,2
97285,2
97287,2
97288,2
97291,2
97294,2
97295,2
97296,2
97297,2
97298,2
97301,2
97302,2
97303,2
97304,2
97306,2
97309,2
97310,2
97312,2
97314,2
102661,2
102662,2
102663,2
102664,2
102665,2
102666,2
102667,2
102668,2
102669,2
102671,2
102672,2
102673,2
102674,2
102675,2
102676,2
102677,2
102678,2
102680,2
102681,2
102682,2
102683,2
102684,2
102685,2
102686,2
102688,2
102689,2
102690,2
102691,2
102693,2
102694,2
102695,2
102696,2
102697,2
102698,2
102700,2
102703,2
102704,2
102706,2
102707,2
102708,2
102709,2
102710,2
102712,2
102713,2
102715,2
102718,2
102719,2
102720,2
102721,2
102722,2
102724,2
102725,2
102726,2
102727,2
102728,2
102729,2
102730,2
102731,2
102732,2
102733,2
102734,2
102735,2
102736,2
102738,2
102743,2
102744,2
102745,2
102747,2
102748,2
102749,2
102750,2
102752,2
102753,2
102754,2
102755,2
102756,2
102757,2
102758,2
102760,2
102761,2
102762,2
102763,2
102764,2
102765,2
102766,2
102767,2
102768,2
102769,2
102771,2
102772,2
102773,2
102774,2
102775,2
102776,2
102777,2
102778,2
102780,2
102781,2
102782,2
102783,2
102784,2
102785,2
102786,2
102787,2
102788,2
102790,2
102791,2
102792,2
102795,2
102796,2
102797,2
102799,2
102802,2
102807,2
102810,2
102811,2
102812,2
102813,2
102814,2
102815,2
102816,2
102819,2
102820,2
102821,2
102822,2
102823,2
102824,2
102825,2
102827,2
102828,2
102830,2
102831,2
102832,2
102834,2
102835,2
102837,2
102839,2
102841,2
102843,2
102844,2
102845,2
102846,2
102847,2
102850,2
102851,2
102852,2
102853,2
102854,2
102856,2
102857,2
102860,2
131002,2
131005,2
131006,2
131009,2
131012,2
131016,2
131018,2
131022,2
131023,2
131054,2
131055,2
131056,2
131057,2
131058,2
131059,2
131062,2
131063,2
131064,2
131072,2
131074,2
131088,2
131091,2
131092,2
131095,2
131101,2
131103,2
131104,2
131105,2
131148,2
131150,2
131152,2
131153,2
131154,2
131155,2
131156,2
131162,2
131189,2
131197,2
131201,2
131203,2
131204,2
131205,2
131206,2
131208,2
131209,2
131210,2
131211,2
131212,2
131213,2
131214,2
131215,2
131223,2
131227,2
131229,2
131233,2
131235,2
131241,2
131245,2
131246,2
131247,2
131248,2
131251,2
131252,2
131253,2
131255,2
131256,2
131259,2
131260,2
131261,2
131262,2
131263,2
131264,2
131265,2
131267,2
131269,2
131276,2
131277,2
131278,2
131280,2
131281,2
131284,2
131286,2
131287,2
131297,2
131298,2
131299,2
131305,2
131306,2
131314,2
131315,2
131316,2
131317,2
131321,2
131324,2
131326,2
131327,2
131329,2
131331,2
131332,2
131341,2
131342,2
131344,2
131353,2
131354,2
131355,2
131362,2
131363,2
131364,2
131365,2
131366,2
131369,2
131377,2
131380,2
131381,2
131382,2
131383,2
131384,2
131385,2
131386,2
131389,2
131390,2
131391,2
131392,2
131393,2
131394,2
131395,2
131396,2
131397,2
131398,2
131400,2
131401,2
131402,2
131410,2
131411,2
131413,2
131417,2
131419,2
131420,2
131421,2
131422,2
131423,2
131430,2
131433,2
131434,2
131435,2
131436,2
131439,2
131440,2
131441,2
131443,2
131444,2
131446,2
131450,2
131465,2
131468,2
131471,2
131472,2
131473,2
131481,2
131482,2
131484,2
131485,2
131492,2
131493,2
131495,2
131496,2
131500,2
131503,2
131504,2
131505,2
131510,2
131511,2
131512,2
131513,2
131514,2
131517,2
131527,2
131529,2
131530,2
131534,2
131538,2
131539,2
131545,2
131547,2
131548,2
131550,2
131554,2
131560,2
131561,2
131566,2
131567,2
131568,2
131572,2
131579,2
131583,2
131584,2
131586,2
131600,2
131604,2
131610,2
131611,2
131612,2
131614,2
131617,2
131618,2
131624,2
131625,2
131626,2
131633,2
131634,2
131636,2
131643,2
131644,2
131651,2
131654,2
131655,2
131658,2
131664,2
131666,2
131667,2
131668,2
131671,2
131674,2
131676,2
131677,2
131694,2
131696,2
131701,2
131702,2
131705,2
131706,2
131716,2
131717,2
131719,2
131726,2
131728,2
131730,2
131733,2
131737,2
131741,2
131743,2
131745,2
131749,2
131750,2
132629,2
132630,2
132631,2
136435,2
136452,2
136491,2
136507,2
136512,2
136518,2
136525,2
136526,2
136527,2
136528,2
136529,2
137460,2
137461,2
137462,2
137463,2
137464,2
137465,2
137467,2
137468,2
137469,2
137470,2
137471,2
137472,2
137473,2
137474,2
137475,2
137476,2
137477,2
137479,2
137480,2
137481,2
137482,2
139502,2
139503,2
139505,2
139506,2
139507,2
139508,2
139509,2
139511,2
139513,2
139514,2
139515,2
139517,2
139518,2
139519,2
139520,2
139521,2
139522,2
139524,2
139525,2
139526,2
139527,2
139528,2
139529,2
139530,2
139531,2
139532,2
139533,2
139790,2
139791,2
139792,2
139793,2
139795,2
139796,2
139797,2
139799,2
139800,2
139801,2
139802,2
139803,2
139804,2
139805,2
140240,2
140241,2
140242,2
140243,2
140244,2
140245,2
140246,2
140247,2
140248,2
140249,2
140250,2
140251,2
140252,2
140253,2
140254,2
140255,2
140256,2
140257,2
140258,2
140259,2
140260,2
140261,2
140262,2
140263,2
140264,2
140265,2
140266,2
140268,2
140269,2
140270,2
140271,2
140272,2
140273,2
140274,2
140275,2
140276,2
150558,2
150587,2
150672,2
150676,2
150680,2
150681,2
150684,2
150689,2
150701,2
150703,2
150704,2
150705,2
150711,2
150722,2
150723,2
150727,2
150731,2
150748,2
150752,2
150763,2
150779,2
150784,2
150785,2
150789,2
150790,2
150791,2
150798,2
150800,2
150801,2
150802,2
150806,2
150807,2
150810,2
150811,2
150813,2
150814,2
150817,2
150818,2
150832,2
150839,2
150840,2
150841,2
150866,2
150867,2
150869,2
150872,2
150876,2
150908,2
150913,2
150918,2
150926,2
150927,2
150928,2
150936,2
150937,2
150948,2
150957,2
150961,2
150968,2
150973,2
150986,2
150997,2
151000,2
151015,2
151017,2
151022,2
151047,2
151049,2
151059,2
151071,2
151072,2
151106,2
151113,2
151142,2
151171,2
151172,2
151173,2
151174,2
151175,2
151176,2
151179,2
151180,2
151181,2
151182,2
151192,2
151195,2
151212,2
151218,2
151219,2
151220,2
151221,2
151251,2
151253,2
151254,2
151263,2
151276,2
151279,2
151281,2
151285,2
151298,2
151324,2
151340,2
151343,2
151344,2
151347,2
151356,2
151362,2
151370,2
151371,2
151372,2
151409,2
151437,2
151443,2
151455,2
151494,2
151496,2
151500,2
151501,2
151503,2
151505,2
151506,2
151507,2
151508,2
151510,2
151512,2
151518,2
151520,2
151521,2
151522,2
151523,2
151525,2
151528,2
151540,2
151561,2
151562,2
151564,2
151567,2
151571,2
151577,2
151581,2
151582,2
151583,2
151611,2
151613,2
151614,2
151615,2
151617,2
151618,2
151620,2
151652,2
151664,2
151666,2
151667,2
151669,2
151673,2
151675,2
151697,2
151700,2
151701,2
151716,2
151718,2
151719,2
151720,2
151733,2
151734,2
151737,2
151740,2
151742,2
151744,2
151745,2
151747,2
151750,2
151768,2
151787,2
151801,2
151822,2
151823,2
151826,2
151834,2
151929,2
151942,2
151970,2
151972,2
151995,2
151996,2
152004,2
152007,2
152011,2
152015,2
152017,2
152021,2
152022,2
152023,2
152026,2
152027,2
152097,2
152099,2
152105,2
152109,2
152110,2
152112,2
152136,2
152138,2
152142,2
152158,2
152184,2
152234,2
152241,2
152261,2
152302,2
152319,2
152320,2
152321,2
152322,2
152325,2
152326,2
152329,2
152330,2
152331,2
152335,2
152336,2
152340,2
152341,2
152342,2
152344,2
152348,2
152353,2
152356,2
152358,2
152362,2
152363,2
152369,2
152370,2
152376,2
152380,2
152382,2
152387,2
152400,2
152401,2
152407,2
152408,2
152434,2
152443,2
152462,2
152485,2
152488,2
152489,2
152490,2
152496,2
152497,2
152498,2
152503,2
152504,2
152506,2
152507,2
152508,2
152509,2
152511,2
152521,2
152527,2
152528,2
152530,2
152543,2
152545,2
152546,2
152547,2
152548,2
152549,2
152550,2
152561,2
152562,2
152569,2
152575,2
152576,2
152579,2
152580,2
152581,2
152583,2
152587,2
152588,2
152594,2
152599,2
152632,2
152637,2
152640,2
152645,2
152664,2
152685,2
152686,2
152692,2
152699,2
152700,2
152701,2
152702,2
152704,2
152708,2
152711,2
152714,2
152715,2
152719,2
165476,2
165962,2
165963,2
165964,2
165965,2
165966,2
165967,2
165968,2
165969,2
165971,2
165972,2
165973,2
165974,2
165975,2
165976,2
165977,2
165978,2
165979,2
165980,2
165981,2
165982,2
165984,2
165985,2
165986,2
165987,2
165989,2
165990,2
165991,2
165992,2
165993,2
165995,2
165996,2
166251,2
166252,2
166253,2
166254,2
166255,2
166256,2
166257,2
166258,2
171819,2
172180,2
172181,2
180551,2
180552,2
180553,2
180554,2
180555,2
180556,2
180557,2
180559,2
180560,2
180561,2
180562,2
180563,2
180564,2
180566,2
180567,2
180568,2
180569,2
180570,2
180572,2
180573,2
180574,2
180575,2
180577,2
180578,2
180579,2
180580,2
180581,2
180583,2
180587,2
180588,2
180589,2
180590,2
180591,2
180592,2
180594,2
180595,2
180596,2
180598,2
180599,2
180602,2
180603,2
180605,2
180606,2
180607,2
180608,2
180609,2
180612,2
180613,2
180614,2
180615,2
180617,2
180618,2
180619,2
180620,2
180621,2
180622,2
180623,2
180624,2
180626,2
180627,2
180629,2
180630,2
180631,2
180632,2
180633,2
180634,2
180635,2
180636,2
180637,2
180638,2
180639,2
180640,2
180641,2
180642,2
180643,2
180645,2
180646,2
180648,2
180649,2
180650,2
180651,2
180652,2
180654,2
180655,2
180656,2
180657,2
180658,2
180659,2
180661,2
180662,2
180663,2
180664,2
180665,2
180667,2
180668,2
180669,2
180670,2
180671,2
180672,2
180674,2
180676,2
180677,2
180678,2
180680,2
180681,2
180682,2
180683,2
180685,2
180686,2
180687,2
180688,2
180689,2
180690,2
180691,2
180692,2
180694,2
180695,2
180696,2
180698,2
180701,2
180702,2
180811,2
180812,2
180813,2
180814,2
180815,2
180817,2
180818,2
180819,2
180820,2
180821,2
180822,2
180823,2
180824,2
180825,2
180826,2
180827,2
180828,2
180830,2
180831,2
180834,2
180835,2
180836,2
180837,2
180838,2
180839,2
180840,2
180841,2
180843,2
180844,2
180845,2
180847,2
180850,2
180851,2
180852,2
180853,2
180855,2
180857,2
180858,2
180859,2
180860,2
180861,2
180863,2
180866,2
180867,2
180868,2
180869,2
180870,2
180872,2
180873,2
180874,2
180875,2
180876,2
180877,2
180879,2
180880,2
180881,2
180882,2
180883,2
180884,2
180885,2
180886,2
180888,2
180890,2
180891,2
180892,2
180893,2
180894,2
180895,2
181218,2
181310,2
181312,2
181314,2
181315,2
181316,2
183611,2
183612,2
183613,2
183614,2
183615,2
183616,2
183617,2
183618,2
183619,2
183620,2
183621,2
183622,2
183623,2
183624,2
183625,2
183626,2
183627,2
183629,2
183630,2
183631,2
183632,2
183633,2
183634,2
183637,2
183638,2
183639,2
183641,2
183642,2
183644,2
183645,2
183646,2
183647,2
183648,2
183649,2
183650,2
183651,2
183652,2
183653,2
183655,2
183656,2
183657,2
183658,2
183660,2
183661,2
183662,2
183663,2
183664,2
183665,2
183666,2
183667,2
183669,2
183670,2
183671,2
183672,2
183673,2
183674,2
183675,2
183676,2
183677,2
183678,2
183679,2
183680,2
183682,2
183683,2
183684,2
183685,2
183686,2
183687,2
183688,2
183690,2
183691,2
183692,2
183693,2
183694,2
183696,2
183697,2
183698,2
183699,2
183700,2
183701,2
183702,2
183703,2
183704,2
183705,2
183706,2
183707,2
183708,2
183709,2
183710,2
183711,2
183712,2
183713,2
183714,2
183715,2
183716,2
183717,2
183718,2
183719,2
183720,2
183721,2
183722,2
183723,2
183724,2
183725,2
183727,2
183728,2
183729,2
183730,2
183731,2
183732,2
183733,2
183734,2
183735,2
183736,2
183737,2
183738,2
183739,2
183740,2
183741,2
183742,2
183743,2
183744,2
183745,2
183746,2
183747,2
183748,2
183749,2
183751,2
183752,2
183753,2
183754,2
183756,2
183758,2
183760,2
183761,2
183763,2
183764,2
183765,2
183766,2
183767,2
183768,2
183769,2
183770,2
183771,2
183773,2
183774,2
183775,2
183776,2
183777,2
183779,2
183781,2
183782,2
183783,2
183784,2
183785,2
183786,2
183787,2
183788,2
183789,2
183790,2
183791,2
183794,2
183795,2
183796,2
183797,2
183798,2
183799,2
183800,2
183801,2
183802,2
183803,2
183804,2
183805,2
183806,2
183808,2
183809,2
183810,2
183811,2
183813,2
183815,2
183816,2
183817,2
183818,2
183819,2
183820,2
183821,2
183822,2
183823,2
183824,2
183825,2
183826,2
183827,2
183828,2
183829,2
183830,2
183831,2
183833,2
183834,2
183835,2
183836,2
183837,2
183838,2
183840,2
183841,2
183842,2
183843,2
183844,2
183845,2
183846,2
183848,2
183849,2
183851,2
183852,2
183853,2
183855,2
183856,2
183858,2
183859,2
183860,2
183861,2
183862,2
183863,2
183864,2
183865,2
183866,2
183867,2
183868,2
183869,2
183870,2
183871,2
183872,2
183873,2
183874,2
183875,2
183877,2
183878,2
183879,2
183880,2
183881,2
183882,2
183883,2
183885,2
183886,2
183887,2
183888,2
183889,2
183890,2
183891,2
183893,2
183894,2
183895,2
183896,2
183897,2
183898,2
183899,2
183900,2
183901,2
183902,2
183903,2
183904,2
183905,2
183906,2
183907,2
183908,2
183909,2
183910,2
183911,2
183914,2
183915,2
183917,2
183918,2
183919,2
183920,2
183921,2
183922,2
183923,2
183924,2
183925,2
183926,2
183927,2
183930,2
183931,2
183932,2
183933,2
183935,2
183936,2
183937,2
183938,2
183939,2
183940,2
183941,2
183942,2
183943,2
183944,2
183945,2
183946,2
183947,2
183948,2
183949,2
183950,2
183951,2
183953,2
183956,2
183957,2
183958,2
183959,2
183960,2
183962,2
183963,2
183964,2
183965,2
183966,2
183967,2
183968,2
183969,2
183970,2
183971,2
183972,2
183973,2
183974,2
183975,2
183976,2
183977,2
183978,2
183979,2
183980,2
183981,2
183982,2
183983,2
183984,2
183985,2
183986,2
183987,2
183988,2
183989,2
183990,2
183991,2
183992,2
183993,2
183994,2
183995,2
183997,2
183998,2
183999,2
184000,2
184001,2
184002,2
184003,2
184004,2
184005,2
184006,2
184007,2
184008,2
184009,2
184010,2
184011,2
184012,2
184013,2
184014,2
184016,2
184017,2
184018,2
184019,2
184020,2
184021,2
184022,2
184023,2
184024,2
184025,2
184027,2
184028,2
184029,2
184030,2
184031,2
184032,2
184033,2
184034,2
184035,2
184036,2
184037,2
184038,2
184039,2
184040,2
184041,2
184042,2
184043,2
184044,2
184045,2
184046,2
184047,2
184048,2
184049,2
184050,2
184051,2
184052,2
184054,2
184055,2
184058,2
184060,2
184061,2
184062,2
184063,2
184064,2
184065,2
184066,2
184068,2
184069,2
184070,2
184072,2
184073,2
184074,2
184075,2
184076,2
184077,2
184078,2
184080,2
184081,2
184082,2
184083,2
184084,2
184085,2
184086,2
184087,2
184088,2
184089,2
184090,2
184092,2
184093,2
184094,2
184095,2
184096,2
184097,2
184098,2
184099,2
184100,2
184101,2
184102,2
184103,2
184104,2
184105,2
184861,2
184863,2
184864,2
184865,2
184866,2
184867,2
184868,2
184869,2
184870,2
184871,2
184872,2
184873,2
184874,2
184876,2
184877,2
184878,2
184879,2
184881,2
184882,2
184883,2
184884,2
184885,2
184886,2
184887,2
184888,2
184889,2
184890,2
184891,2
184892,2
184893,2
184894,2
184895,2
184896,2
184898,2
184899,2
184900,2
184901,2
184902,2
184903,2
184904,2
184905,2
184906,2
184907,2
184908,2
184909,2
184910,2
184911,2
184912,2
184913,2
184914,2
184915,2
184916,2
184917,2
184918,2
184919,2
184920,2
184921,2
184922,2
184923,2
184926,2
184927,2
184928,2
184929,2
184930,2
184931,2
184932,2
184933,2
184934,2
184935,2
184936,2
184937,2
184938,2
184939,2
184940,2
184941,2
184942,2
184943,2
184944,2
184946,2
184947,2
184948,2
184949,2
184950,2
184951,2
184953,2
184954,2
184955,2
184956,2
184957,2
184959,2
184960,2
184961,2
184962,2
184963,2
184965,2
184966,2
184967,2
184968,2
184969,2
184970,2
184972,2
184973,2
184976,2
184977,2
184978,2
184979,2
184980,2
184981,2
184982,2
184984,2
184985,2
184986,2
184988,2
184989,2
184990,2
184991,2
184992,2
184993,2
184994,2
184995,2
184996,2
184997,2
184998,2
184999,2
185000,2
185001,2
185002,2
185003,2
185004,2
185005,2
185006,2
185007,2
185008,2
185009,2
185011,2
185012,2
185013,2
185014,2
185015,2
185016,2
185017,2
185018,2
185019,2
185020,2
185021,2
185022,2
185025,2
185026,2
185027,2
185028,2
185030,2
185032,2
185033,2
185035,2
185036,2
185038,2
185039,2
185041,2
185043,2
185044,2
185045,2
185046,2
185047,2
185048,2
185049,2
185050,2
185051,2
185052,2
185053,2
185054,2
185055,2
185056,2
185057,2
185059,2
185060,2
185061,2
185062,2
185064,2
185065,2
185066,2
185067,2
185068,2
185069,2
185070,2
185071,2
185073,2
185074,2
185075,2
185076,2
185077,2
185078,2
185079,2
185080,2
185081,2
185082,2
185085,2
185086,2
185087,2
185088,2
185089,2
185090,2
185091,2
185092,2
185093,2
185094,2
185095,2
185096,2
185097,2
185099,2
185100,2
185101,2
185102,2
185103,2
185104,2
185105,2
185106,2
185109,2
185110,2
185111,2
185113,2
185115,2
185116,2
185117,2
185119,2
185120,2
185121,2
185122,2
185123,2
185125,2
185126,2
185127,2
185128,2
185129,2
185130,2
185131,2
185132,2
186169,2
186170,2
186171,2
186174,2
186175,2
186179,2
186180,2
186181,2
186182,2
186183,2
186184,2
186185,2
186256,2
186257,2
186258,2
186259,2
186260,2
186437,2
186439,2
186440,2
186442,2
186443,2
186444,2
186445,2
186446,2
186447,2
186448,2
186449,2
186452,2
186454,2
186455,2
186456,2
186457,2
186458,2
186536,2
186537,2
186538,2
186539,2
186540,2
186544,2
186545,2
186547,2
186551,2
186980,2
188847,2
190027,2
190716,2
190717,2
190718,2
190857,2
190858,2
190859,2
190860,2
190954,2
191244,2
191406,2
191407,2
192171,2
194260,2
195361,2
205807,2
205808,2
205809,2
205810,2
205811,2
205812,2
205813,2
205814,2
205815,2
205816,2
205818,2
205819,2
205820,2
205822,2
205823,2
205825,2
205826,2
205827,2
205828,2
205829,2
205830,2
205831,2
205832,2
205833,2
205834,2
205835,2
205836,2
205837,2
205838,2
205839,2
205840,2
205841,2
205842,2
205843,2
205844,2
205845,2
205846,2
205847,2
205848,2
205849,2
205850,2
205851,2
205852,2
205853,2
205854,2
205855,2
205856,2
205857,2
205858,2
205859,2
205861,2
205862,2
205863,2
205864,2
205865,2
205866,2
205867,2
205868,2
205869,2
205871,2
205872,2
205873,2
205874,2
205875,2
205876,2
205877,2
205878,2
205879,2
205880,2
205881,2
205882,2
205884,2
205885,2
205886,2
205887,2
205888,2
205889,2
205890,2
205892,2
205893,2
205894,2
205895,2
205896,2
205899,2
205900,2
205901,2
205903,2
205904,2
205905,2
205906,2
205907,2
205908,2
205909,2
205910,2
205912,2
205913,2
205914,2
205915,2
205916,2
205917,2
205918,2
205919,2
205920,2
205921,2
205922,2
205923,2
205924,2
205925,2
205926,2
205927,2
205928,2
205929,2
205930,2
205931,2
205932,2
205934,2
205935,2
205936,2
205937,2
205938,2
205940,2
205941,2
205942,2
205943,2
205944,2
205945,2
205946,2
205947,2
205950,2
205951,2
205954,2
205955,2
205956,2
205957,2
205958,2
205959,2
205960,2
205961,2
205962,2
205963,2
205964,2
205966,2
205967,2
205968,2
205969,2
205970,2
205973,2
205974,2
205975,2
205976,2
205977,2
205978,2
205979,2
205980,2
205981,2
205982,2
205983,2
205984,2
205985,2
205986,2
205987,2
205988,2
205989,2
205990,2
205991,2
205992,2
205993,2
205994,2
205995,2
205996,2
205997,2
205998,2
205999,2
206000,2
206001,2
206002,2
206003,2
206004,2
206005,2
206007,2
206008,2
206010,2
206011,2
206012,2
206013,2
206014,2
206015,2
206016,2
206017,2
206018,2
206019,2
206021,2
206022,2
206023,2
206024,2
206025,2
206027,2
206028,2
206029,2
206030,2
206031,2
206033,2
206034,2
206035,2
206037,2
206038,2
206039,2
206040,2
206041,2
206042,2
206044,2
206045,2
206046,2
206047,2
206048,2
206049,2
206050,2
206051,2
206052,2
206053,2
206054,2
206055,2
206056,2
206057,2
206058,2
206059,2
206060,2
206061,2
206062,2
206063,2
206064,2
206066,2
206067,2
206068,2
206069,2
206070,2
206071,2
206072,2
206073,2
206074,2
206075,2
206076,2
206077,2
206078,2
206079,2
206080,2
206081,2
206082,2
206083,2
206084,2
206085,2
206086,2
206087,2
206088,2
206089,2
206090,2
206091,2
206093,2
206094,2
206095,2
206096,2
206097,2
206098,2
206099,2
206100,2
206101,2
206102,2
206103,2
206104,2
206105,2
206106,2
206107,2
206108,2
206109,2
206110,2
206111,2
206112,2
206113,2
206114,2
206116,2
206117,2
206118,2
206119,2
206120,2
206121,2
206122,2
206123,2
206124,2
206125,2
206126,2
206127,2
206128,2
206129,2
206130,2
206131,2
206132,2
206133,2
206134,2
206135,2
206136,2
206137,2
206138,2
206139,2
206140,2
206141,2
206143,2
206144,2
206146,2
206147,2
206148,2
206149,2
206150,2
206151,2
206152,2
206153,2
206154,2
206155,2
206156,2
206157,2
206158,2
206159,2
206160,2
206161,2
206162,2
206163,2
206164,2
206165,2
206167,2
206168,2
206170,2
206171,2
206172,2
206174,2
206175,2
206176,2
206177,2
206178,2
206180,2
206181,2
206182,2
206183,2
206184,2
206185,2
206186,2
206187,2
206188,2
206189,2
206190,2
206191,2
206192,2
206193,2
206194,2
206195,2
206196,2
206197,2
206198,2
206199,2
206200,2
206201,2
206202,2
206205,2
206206,2
206207,2
206208,2
206209,2
206210,2
206211,2
206212,2
206214,2
206215,2
206217,2
206218,2
206219,2
206220,2
206221,2
206222,2
206223,2
206224,2
206225,2
206226,2
206227,2
206228,2
206229,2
206230,2
206231,2
206233,2
206234,2
206235,2
206236,2
206237,2
206238,2
206239,2
206240,2
206241,2
206242,2
206243,2
206244,2
206245,2
206247,2
206248,2
206249,2
206250,2
206251,2
206252,2
206253,2
206254,2
206255,2
206256,2
206257,2
206258,2
206259,2
206260,2
206261,2
206262,2
206263,2
206264,2
206265,2
206266,2
206267,2
206268,2
206269,2
206270,2
206271,2
206272,2
206273,2
206274,2
206275,2
206276,2
206277,2
206279,2
206280,2
206281,2
206282,2
206283,2
206284,2
206285,2
206286,2
206287,2
206289,2
206290,2
206291,2
206292,2
206293,2
206294,2
206295,2
206296,2
206297,2
206298,2
206299,2
206300,2
206301,2
206302,2
206303,2
206304,2
206305,2
206306,2
206307,2
206308,2
206309,2
206310,2
206311,2
206312,2
206313,2
206314,2
206315,2
206316,2
206317,2
206319,2
206320,2
206321,2
206322,2
206324,2
206325,2
206326,2
206327,2
206328,2
206329,2
206330,2
206331,2
206332,2
206333,2
206335,2
206337,2
206338,2
206339,2
206340,2
206343,2
206344,2
206345,2
206346,2
206347,2
206348,2
206349,2
206350,2
206351,2
206352,2
206353,2
206354,2
206355,2
206356,2
206357,2
206358,2
206359,2
206360,2
206361,2
206362,2
206363,2
206364,2
206366,2
206367,2
206368,2
206369,2
206370,2
206371,2
206372,2
206373,2
206374,2
206375,2
206376,2
206377,2
206379,2
206380,2
206381,2
206382,2
206383,2
206384,2
206385,2
206386,2
206387,2
206388,2
206389,2
206390,2
206391,2
206392,2
206398,2
206399,2
206400,2
206402,2
206403,2
206406,2
206407,2
206408,2
206409,2
206410,2
206411,2
206412,2
206413,2
206415,2
206416,2
206418,2
206419,2
206421,2
206422,2
206423,2
206424,2
206426,2
206429,2
206430,2
206431,2
206433,2
206434,2
206435,2
206436,2
206437,2
206438,2
206439,2
206440,2
206441,2
206442,2
206443,2
206444,2
206445,2
206446,2
206447,2
206448,2
206449,2
206450,2
206451,2
206452,2
206453,2
206454,2
206455,2
206456,2
206457,2
206458,2
206459,2
206460,2
206461,2
206462,2
206463,2
206464,2
206465,2
206466,2
206467,2
206468,2
206469,2
206470,2
206471,2
206472,2
206473,2
206474,2
206475,2
206476,2
206477,2
206478,2
206479,2
206480,2
206481,2
206482,2
206483,2
206484,2
206485,2
206487,2
206488,2
206489,2
206490,2
206491,2
206492,2
206493,2
206494,2
206495,2
206496,2
206497,2
206498,2
206499,2
206500,2
206501,2
206502,2
206503,2
206504,2
206505,2
206506,2
206507,2
206508,2
206509,2
206510,2
206511,2
206512,2
206513,2
206514,2
206515,2
206516,2
206517,2
206518,2
206519,2
206520,2
206521,2
206522,2
206523,2
206524,2
206525,2
206526,2
206529,2
206530,2
206531,2
206532,2
206533,2
206534,2
206535,2
206536,2
206537,2
206538,2
206539,2
206540,2
206541,2
206542,2
206543,2
206544,2
206545,2
206546,2
206547,2
206548,2
206549,2
206550,2
206551,2
206552,2
206553,2
206554,2
213018,2
213020,2
213023,2
213024,2
213025,2
213026,2
213027,2
213028,2
213029,2
213030,2
213033,2
213034,2
213036,2
213037,2
213038,2
213039,2
213041,2
213043,2
213045,2
213048,2
213050,2
213051,2
213055,2
213056,2
213057,2
213058,2
213060,2
213061,2
213062,2
213064,2
213065,2
213066,2
213067,2
213068,2
213070,2
213071,2
213072,2
213073,2
213074,2
213076,2
213077,2
213078,2
213079,2
213080,2
213081,2
213082,2
213083,2
213084,2
213086,2
213087,2
213088,2
213090,2
213091,2
213092,2
213093,2
213094,2
213095,2
213096,2
213097,2
213098,2
213303,2
213304,2
213305,2
213306,2
213307,2
213308,2
213309,2
213310,2
213311,2
213312,2
213313,2
213314,2
213315,2
213316,2
213317,2
213318,2
213319,2
213320,2
213321,2
213322,2
213323,2
213326,2
213327,2
213328,2
213329,2
213330,2
213332,2
213333,2
213334,2
213335,2
213336,2
213337,2
213338,2
213339,2
213340,2
222271,2
222272,2
222273,2
222275,2
222276,2
222277,2
222278,2
222279,2
222280,2
222281,2
222282,2
222283,2
222284,2
222286,2
222287,2
222288,2
222289,2
222290,2
222291,2
222293,2
222294,2
222295,2
222296,2
222297,2
222299,2
222300,2
222301,2
222303,2
222305,2
222306,2
222307,2
222308,2
222309,2
222310,2
222312,2
222313,2
222314,2
222315,2
222316,2
222317,2
222318,2
222319,2
222320,2
222321,2
222322,2
222323,2
222324,2
222325,2
222326,2
222327,2
222328,2
222329,2
222330,2
222333,2
222334,2
222335,2
222336,2
222337,2
222338,2
222339,2
222340,2
222341,2
222342,2
222344,2
222345,2
222346,2
222347,2
222348,2
222349,2
222350,2
222352,2
222353,2
222354,2
222355,2
222356,2
222644,2
222646,2
222647,2
222648,2
222649,2
222650,2
222651,2
222652,2
222654,2
222655,2
222657,2
222658,2
222659,2
222660,2
222661,2
222662,2
222663,2
222664,2
222665,2
222666,2
222667,2
222668,2
222670,2
222671,2
222672,2
222673,2
222674,2
222675,2
222677,2
222678,2
222679,2
222680,2
222681,2
222682,2
222683,2
222684,2
222685,2
225293,2
225311,2
225321,2
226152,2
226153,2
226155,2
226156,2
226157,2
226159,2
226160,2
226161,2
226162,2
226163,2
226164,2
226166,2
226167,2
226168,2
226172,2
226173,2
226174,2
226175,2
226176,2
226177,2
226179,2
226180,2
226181,2
226182,2
226183,2
226184,2
226185,2
226187,2
226188,2
226189,2
226191,2
226193,2
226196,2
226197,2
226198,2
226201,2
226202,2
226204,2
226205,2
226207,2
226208,2
226210,2
226211,2
226364,2
227195,2
227519,2
227520,2
227521,2
227522,2
227523,2
227524,2
227525,2
227526,2
227527,2
227529,2
227531,2
227533,2
227536,2
227538,2
227539,2
227540,2
227541,2
227542,2
227543,2
227545,2
227546,2
227547,2
227548,2
227549,2
227552,2
227555,2
227556,2
227557,2
227558,2
227559,2
227560,2
227561,2
227562,2
227563,2
227565,2
227566,2
227568,2
227577,2
230442,2
230443,2
231854,2
231855,2
231856,2
231857,2
231858,2
231859,2
231861,2
231864,2
231868,2
231869,2
231870,2
231871,2
231872,2
231873,2
231874,2
231875,2
231876,2
231877,2
231879,2
231880,2
231881,2
231882,2
231883,2
231886,2
231887,2
231888,2
231890,2
231891,2
231892,2
231893,2
231894,2
231895,2
231896,2
231898,2
231899,2
231900,2
231901,2
231903,2
231905,2
231906,2
231907,2
231908,2
231910,2
231911,2
234589,2
234590,2
234594,2
234595,2
234596,2
234598,2
234601,2
234603,2
234604,2
234605,2
234606,2
234608,2
234611,2
234612,2
234614,2
234615,2
234616,2
234618,2
234619,2
234620,2
234622,2
234623,2
234625,2
234627,2
234630,2
234631,2
234634,2
234635,2
234637,2
234638,2
234640,2
234641,2
234642,2
234643,2
234644,2
234645,2
234646,2
234647,2
234650,2
234651,2
234652,2
234653,2
234654,2
234655,2
234656,2
234659,2
234660,2
234661,2
234662,2
234663,2
234664,2
234665,2
234666,2
234667,2
234668,2
234669,2
234670,2
234671,2
234672,2
234673,2
234675,2
234678,2
234679,2
234681,2
234682,2
234683,2
234684,2
234685,2
234686,2
234687,2
234688,2
234689,2
234690,2
234691,2
234692,2
234694,2
234695,2
234696,2
234697,2
234698,2
234699,2
234701,2
234702,2
234703,2
234706,2
234707,2
234708,2
234709,2
234710,2
234712,2
234714,2
234715,2
234717,2
234718,2
234719,2
234720,2
234721,2
234722,2
234723,2
234724,2
234725,2
234726,2
234727,2
234731,2
234732,2
234733,2
234734,2
234735,2
234736,2
234738,2
234739,2
234740,2
234742,2
234743,2
234744,2
234746,2
234747,2
234749,2
234750,2
234751,2
234752,2
234753,2
234754,2
234755,2
234756,2
234758,2
234759,2
234760,2
234762,2
234763,2
234764,2
234765,2
234766,2
234767,2
234769,2
234770,2
234771,2
234772,2
234773,2
234774,2
234775,2
234776,2
234777,2
234779,2
234781,2
234782,2
234784,2
234786,2
234789,2
234790,2
234791,2
234792,2
234793,2
234795,2
234796,2
234798,2
234799,2
234801,2
234803,2
234804,2
234806,2
234807,2
234808,2
234809,2
234811,2
234812,2
234813,2
234814,2
234815,2
234816,2
234817,2
234818,2
234819,2
234820,2
234821,2
234822,2
234823,2
234824,2
234825,2
234827,2
234829,2
234832,2
234833,2
234834,2
234835,2
234836,2
234837,2
234841,2
234842,2
234843,2
234844,2
234845,2
234850,2
234851,2
234852,2
234853,2
234854,2
234855,2
234856,2
234857,2
234858,2
234859,2
234860,2
234861,2
234862,2
234863,2
234865,2
234866,2
234867,2
234869,2
234870,2
234871,2
234872,2
234873,2
234874,2
234875,2
234876,2
234877,2
234880,2
234881,2
234883,2
234884,2
234885,2
234886,2
234887,2
234889,2
234891,2
234892,2
234893,2
234894,2
234897,2
234898,2
234901,2
234902,2
234903,2
234905,2
234906,2
234907,2
234909,2
234911,2
234913,2
234914,2
234915,2
234916,2
234917,2
234918,2
234919,2
234921,2
234925,2
234926,2
234927,2
234928,2
234930,2
234931,2
234932,2
234933,2
234934,2
234936,2
234937,2
234938,2
234939,2
234941,2
234942,2
234945,2
234946,2
234947,2
234948,2
234949,2
234950,2
234952,2
234953,2
234954,2
234955,2
234956,2
234957,2
234958,2
234959,2
234960,2
234961,2
234962,2
234963,2
234966,2
234967,2
234968,2
234969,2
234970,2
234971,2
234973,2
234974,2
234976,2
234977,2
234978,2
234979,2
234980,2
234982,2
234983,2
234985,2
234987,2
234989,2
234990,2
234991,2
234992,2
234993,2
234994,2
234995,2
234996,2
234998,2
234999,2
235000,2
235001,2
235002,2
235003,2
235005,2
235006,2
235007,2
235008,2
235009,2
235010,2
235012,2
235013,2
235014,2
235015,2
235016,2
235018,2
235019,2
235021,2
235022,2
235024,2
235025,2
235026,2
235028,2
235029,2
235030,2
235031,2
235033,2
235034,2
235036,2
235037,2
235038,2
235040,2
235041,2
235042,2
235043,2
235046,2
235047,2
235048,2
235049,2
235050,2
235051,2
235052,2
235053,2
235054,2
235055,2
235056,2
235058,2
235059,2
235061,2
235062,2
235063,2
235064,2
235066,2
235068,2
235069,2
235070,2
235071,2
235072,2
235073,2
235074,2
235075,2
235076,2
235077,2
235078,2
235080,2
235922,2
235923,2
235924,2
235925,2
235926,2
235927,2
235928,2
235929,2
235930,2
235931,2
235933,2
235934,2
235935,2
235936,2
235937,2
235939,2
235941,2
235942,2
235944,2
235945,2
235946,2
235947,2
235948,2
235950,2
235951,2
235952,2
235953,2
235954,2
235955,2
235956,2
235957,2
235958,2
235960,2
235962,2
235963,2
235964,2
235965,2
235966,2
235968,2
235970,2
235971,2
235972,2
235973,2
235974,2
235975,2
235976,2
235978,2
235979,2
235980,2
235981,2
235982,2
235983,2
235984,2
235985,2
235986,2
235987,2
235988,2
235990,2
235992,2
235993,2
235995,2
235996,2
235997,2
235998,2
235999,2
236000,2
236001,2
236002,2
236003,2
236004,2
236005,2
236006,2
236007,2
236008,2
236009,2
236010,2
236011,2
236013,2
236014,2
236015,2
236016,2
236017,2
236018,2
236019,2
236020,2
236023,2
236024,2
236026,2
236027,2
236028,2
236030,2
236032,2
236033,2
236034,2
236035,2
236038,2
236039,2
236040,2
236042,2
236043,2
236044,2
236046,2
236047,2
236048,2
236050,2
236051,2
236052,2
236053,2
236054,2
236055,2
236056,2
236057,2
236058,2
236059,2
236060,2
236061,2
236063,2
236064,2
236066,2
236067,2
236068,2
236069,2
236070,2
236071,2
236073,2
236074,2
236076,2
236078,2
236080,2
236082,2
236085,2
236086,2
236089,2
236091,2
236093,2
236094,2
236095,2
236096,2
236098,2
236099,2
236100,2
236101,2
236102,2
236103,2
236104,2
236105,2
236106,2
236107,2
236108,2
236109,2
236111,2
236112,2
236114,2
236116,2
236117,2
236118,2
236119,2
236120,2
236121,2
236122,2
236123,2
236124,2
236127,2
236128,2
236129,2
236130,2
236131,2
236132,2
236133,2
236134,2
236135,2
236136,2
236139,2
236140,2
236142,2
236143,2
236145,2
236147,2
236148,2
236149,2
236150,2
236152,2
236153,2
236154,2
236156,2
236157,2
236158,2
236159,2
236160,2
236161,2
236162,2
236163,2
236165,2
236166,2
236167,2
236168,2
236169,2
236170,2
236171,2
236172,2
236173,2
236174,2
236176,2
236177,2
236178,2
236179,2
236180,2
236181,2
236182,2
236183,2
236184,2
236185,2
237818,2
237831,2
237837,2
237838,2
241632,2
241633,2
241635,2
241636,2
241637,2
241638,2
241640,2
241641,2
241642,2
241643,2
241644,2
241645,2
241646,2
241647,2
241648,2
241649,2
241651,2
241652,2
241653,2
241654,2
241655,2
241656,2
241657,2
241658,2
241659,2
241660,2
241661,2
241664,2
241665,2
241666,2
241668,2
241669,2
241670,2
241671,2
241673,2
241674,2
241676,2
241677,2
241678,2
241679,2
241680,2
241681,2
241682,2
241683,2
241684,2
241685,2
241686,2
241687,2
241688,2
241689,2
241690,2
241691,2
241692,2
241693,2
241694,2
241695,2
241697,2
241698,2
241699,2
241700,2
241701,2
241702,2
241704,2
241706,2
241707,2
241708,2
241709,2
241710,2
241711,2
241712,2
241713,2
241715,2
241716,2
241717,2
241718,2
241720,2
241721,2
241722,2
241723,2
241724,2
241726,2
241728,2
241729,2
241730,2
241732,2
241734,2
241736,2
241737,2
242753,2
242755,2
242756,2
242757,2
242758,2
242759,2
242760,2
242761,2
242762,2
242763,2
242764,2
242765,2
242766,2
242767,2
242768,2
242769,2
242770,2
242771,2
242772,2
242773,2
242774,2
242775,2
242776,2
242777,2
242778,2
242779,2
242780,2
242781,2
242782,2
242783,2
242784,2
242785,2
242786,2
242787,2
242788,2
242789,2
242791,2
242792,2
242794,2
242797,2
242799,2
242800,2
242802,2
242803,2
242804,2
242805,2
242806,2
242808,2
242809,2
242810,2
242811,2
242812,2
242813,2
242814,2
242815,2
242816,2
242817,2
244844,2
244845,2
244847,2
244848,2
244850,2
244851,2
244853,2
244855,2
244856,2
245017,2
245019,2
245021,2
245022,2
245024,2
245025,2
245026,2
245027,2
245028,2
245029,2
245030,2
245031,2
245032,2
245033,2
245034,2
245035,2
245036,2
245037,2
245038,2
245039,2
245040,2
245041,2
245042,2
245044,2
245047,2
245048,2
245050,2
245051,2
245052,2
245055,2
245056,2
245057,2
245058,2
246784,2
246786,2
246787,2
246788,2
246789,2
246791,2
246793,2
246794,2
246795,2
246797,2
246798,2
246801,2
246802,2
246803,2
246804,2
246806,2
246807,2
246809,2
246810,2
246813,2
246815,2
246818,2
246819,2
246822,2
246823,2
246824,2
246825,2
246828,2
246829,2
246830,2
246831,2
246832,2
246837,2
246849,2
246853,2
246854,2
247086,2
247087,2
247212,2
247214,2
247215,2
247219,2
247220,2
247221,2
247222,2
247223,2
247224,2
247225,2
247226,2
247227,2
247228,2
247229,2
247230,2
247232,2
247233,2
247236,2
247239,2
247240,2
247242,2
247243,2
247245,2
247246,2
247248,2
247250,2
247251,2
247252,2
247253,2
247254,2
247256,2
247257,2
247258,2
247259,2
247260,2
247261,2
247262,2
247263,2
247265,2
247266,2
247267,2
247272,2
247273,2
247275,2
247276,2
247277,2
247278,2
247279,2
247280,2
247281,2
247284,2
247285,2
247286,2
247287,2
247288,2
247289,2
247290,2
247291,2
247292,2
247294,2
247439,2
248911,2
248913,2
248919,2
248926,2
248937,2
248940,2
248943,2
248946,2
248947,2
248965,2
248969,2
248973,2
248976,2
248977,2
248980,2
248981,2
248983,2
248988,2
248990,2
248993,2
248999,2
249002,2
249004,2
249027,2
249029,2
249048,2
249050,2
249054,2
249055,2
249057,2
249062,2
249071,2
249091,2
249096,2
249099,2
249103,2
249105,2
249116,2
249119,2
249121,2
249129,2
249137,2
249138,2
249148,2
249154,2
249155,2
249161,2
249163,2
249165,2
249170,2
249171,2
249178,2
249179,2
249180,2
249181,2
249182,2
249183,2
249184,2
254846,2
254847,2
259407,2
259409,2
259410,2
259411,2
259413,2
259414,2
259415,2
259417,2
259418,2
259419,2
259420,2
259421,2
259422,2
259423,2
259424,2
259425,2
259426,2
259428,2
259429,2
259432,2
259433,2
259434,2
259435,2
259436,2
259437,2
259438,2
259440,2
259441,2
259442,2
259444,2
259445,2
259446,2
259449,2
259451,2
259453,2
259456,2
259457,2
259458,2
259460,2
259465,2
259468,2
259469,2
259470,2
259471,2
259473,2
259474,2
259475,2
259476,2
259477,2
259478,2
259479,2
259480,2
259482,2
259486,2
259487,2
259488,2
259489,2
259490,2
259492,2
259493,2
259495,2
259497,2
259500,2
259501,2
259502,2
259504,2
259505,2
259506,2
259507,2
259508,2
259509,2
259510,2
259511,2
259512,2
259514,2
259516,2
259518,2
259520,2
259521,2
259523,2
259524,2
259526,2
259528,2
259530,2
259531,2
259532,2
259533,2
259536,2
259537,2
259538,2
259540,2
259542,2
259543,2
259544,2
259545,2
259546,2
259548,2
259549,2
259550,2
259553,2
259554,2
259555,2
259556,2
259557,2
259560,2
259563,2
259564,2
259565,2
259567,2
259568,2
259569,2
259572,2
259574,2
259576,2
259577,2
259580,2
259581,2
259583,2
259588,2
259589,2
259590,2
259591,2
259594,2
259595,2
259596,2
259599,2
259600,2
259603,2
259604,2
259605,2
259613,2
259614,2
259616,2
259617,2
260040,2
260042,2
260043,2
260170,2
260171,2
260172,2
260173,2
260987,2
260988,2
260992,2
260993,2
260994,2
260999,2
261013,2
261022,2
261048,2
261050,2
261052,2
261053,2
261055,2
261056,2
261064,2
261066,2
261073,2
261090,2
261110,2
261112,2
261116,2
261119,2
261120,2
261131,2
261144,2
261147,2
261158,2
261166,2
261167,2
261174,2
261175,2
261191,2
261197,2
261206,2
261213,2
261222,2
261228,2
261237,2
261239,2
261255,2
261256,2
261259,2
261264,2
261287,2
261295,2
261305,2
261311,2
261312,2
261322,2
261324,2
261331,2
261341,2
261344,2
261356,2
261360,2
261362,2
261364,2
261365,2
261368,2
261373,2
261374,2
261381,2
261384,2
261393,2
261394,2
261396,2
261398,2
261400,2
261404,2
261414,2
261415,2
261423,2
261430,2
261434,2
261439,2
261441,2
261443,2
261454,2
261462,2
261467,2
261477,2
261482,2
261483,2
261484,2
261485,2
261486,2
261487,2
261489,2
261495,2
261498,2
261499,2
261505,2
261506,2
261507,2
261509,2
261510,2
261511,2
261515,2
261529,2
261530,2
261533,2
261534,2
261535,2
261548,2
261555,2
261558,2
261561,2
261566,2
261568,2
261575,2
261582,2
261593,2
261597,2
261599,2
261600,2
261612,2
261625,2
261638,2
261641,2
261642,2
261643,2
261644,2
261647,2
261649,2
261650,2
261651,2
261657,2
261658,2
261660,2
261662,2
261678,2
261679,2
261682,2
261685,2
261701,2
261707,2
261713,2
261736,2
261739,2
261744,2
261753,2
261755,2
261773,2
261776,2
261779,2
261785,2
261789,2
261811,2
261821,2
261824,2
261827,2
261847,2
261852,2
261870,2
261885,2
261888,2
261892,2
261894,2
261908,2
261909,2
261915,2
261917,2
261920,2
261928,2
261936,2
261937,2
261939,2
261943,2
261949,2
261962,2
261965,2
261967,2
261977,2
261984,2
261990,2
262004,2
262010,2
262011,2
262019,2
262096,2
262100,2
262101,2
262102,2
262105,2
262804,2
262806,2
262808,2
262809,2
262811,2
262812,2
262814,2
262815,2
262825,2
262826,2
262827,2
262828,2
262829,2
262830,2
262832,2
262833,2
262834,2
262835,2
262836,2
262837,2
262838,2
262840,2
262841,2
262842,2
262843,2
262844,2
262846,2
262848,2
262849,2
262850,2
262852,2
262853,2
262855,2
262856,2
262857,2
262860,2
262863,2
262917,2
262921,2
262923,2
262924,2
262926,2
262927,2
262935,2
262936,2
262937,2
262938,2
262943,2
262945,2
262946,2
262948,2
262950,2
262951,2
262952,2
262953,2
262955,2
262956,2
262957,2
262964,2
262977,2
262978,2
262983,2
262985,2
262987,2
262988,2
262989,2
262990,2
262992,2
262993,2
262995,2
262996,2
262997,2
263000,2
263868,2
264514,2
264580,2
264675,2
265016,2
266177,2
319365,2
319367,2
319371,2
327917,2
327920,2
327924,2
328615,2
328618,2
328620,2
334200,2
334204,2
334205,2
334218,2
335892,2
335896,2
335906,2
335918,2
335956,2
338571,2
338575,2
344643,2
344644,2
344646,2
346058,2
346059,2
346067,2
358889,2
358891,2
358895,2
358896,2
358897,2
358898,2
358925,2
358926,2
358928,2
358930,2
358931,2
358933,2
358934,2
358935,2
358936,2
358937,2
358938,2
358940,2
358942,2
358943,2
358945,2
358946,2
358948,2
358949,2
360060,2
360710,2
360711,2
360712,2
360713,2
360715,2
360717,2
360718,2
361610,2
361882,2
362213,2
362214,2
362215,2
362216,2
362217,2
362357,2
372669,2
372676,2
372678,2
372685,2
372687,2
372689,2
372696,2
372699,2
372709,2
372710,2
372717,2
372726,2
372732,2
372734,2
372739,2
372763,2
372766,2
372775,2
372780,2
372781,2
372798,2
372802,2
372804,2
372807,2
372813,2
372814,2
373340,2
373348,2
373350,2
373354,2
373356,2
373371,2
373382,2
373393,2
373401,2
373412,2
373415,2
373418,2
373422,2
373423,2
373434,2
373436,2
373445,2
373449,2
373452,2
373454,2
373460,2
373461,2
373464,2
373473,2
373474,2
373490,2
373495,2
373497,2
373503,2
373506,2
373513,2
373516,2
373523,2
373649,2
373652,2
373654,2
373655,2
373657,2
373658,2
373664,2
373666,2
373673,2
373676,2
373678,2
373679,2
373681,2
373689,2
373691,2
373692,2
373693,2
373698,2
373703,2
373706,2
373712,2
373714,2
373725,2
373727,2
373736,2
373745,2
373750,2
373758,2
373759,2
373766,2
373768,2
373771,2
373774,2
373777,2
373782,2
373785,2
373789,2
373794,2
373796,2
373801,2
373806,2
373816,2
375034,2
375041,2
375045,2
375046,2
375057,2
375066,2
375070,2
375071,2
375072,2
375080,2
375081,2
375088,2
375090,2
375091,2
375098,2
375101,2
375102,2
375103,2
375106,2
375107,2
375112,2
375547,2
375551,2
375555,2
375559,2
375567,2
375568,2
375572,2
375573,2
375576,2
375577,2
375588,2
375590,2
375592,2
375598,2
375608,2
375612,2
375614,2
375616,2
375619,2
375628,2
375634,2
375636,2
375643,2
375649,2
375660,2
375666,2
375671,2
375674,2
375960,2
375961,2
375965,2
375967,2
375974,2
375977,2
375980,2
375982,2
375983,2
375986,2
375993,2
375994,2
375995,2
376005,2
376009,2
376012,2
376017,2
376031,2
376032,2
376035,2
376036,2
376044,2
376045,2
376050,2
376075,2
376082,2
376083,2
376085,2
376089,2
376090,2
376093,2
376095,2
376097,2
376098,2
376101,2
376102,2
376110,2
376121,2
376122,2
376124,2
376133,2
376139,2
378220,2
378223,2
378226,2
378230,2
378236,2
378243,2
378261,2
378263,2
378268,2
378278,2
378283,2
378289,2
378295,2
378296,2
378301,2
378304,2
390674,2
390694,2
390695,2
399124,2
399127,2
399129,2
399131,2
399135,2
399141,2
399144,2
399152,2
399158,2
399161,2
399168,2
399172,2
399181,2
399185,2
399190,2
399191,2
399203,2
399207,2
399211,2
399213,2
399215,2
399216,2
399221,2
399225,2
399227,2
399230,2
399234,2
399248,2
399263,2
399267,2
399268,2
399269,2
399275,2
399280,2
399281,2
399284,2
399292,2
399293,2
399296,2
399298,2
399299,2
399308,2
399309,2
399311,2
399312,2
399318,2
399322,2
399324,2
399327,2
399329,2
399331,2
399333,2
399334,2
399336,2
399337,2
399338,2
399339,2
399341,2
399342,2
399347,2
399348,2
399351,2
399353,2
399355,2
399361,2
399364,2
399366,2
399367,2
399369,2
399370,2
399371,2
399372,2
399373,2
399374,2
399376,2
399378,2
399381,2
399384,2
399387,2
399389,2
399391,2
399392,2
399393,2
399394,2
399396,2
399397,2
399398,2
399400,2
399402,2
399404,2
399406,2
399407,2
399409,2
399411,2
399412,2
399413,2
399416,2
399418,2
399420,2
399423,2
399426,2
399430,2
399437,2
399442,2
399447,2
399452,2
399464,2
399465,2
399470,2
399477,2
399485,2
399488,2
399493,2
399497,2
399498,2
399629,2
399633,2
399642,2
399649,2
399651,2
399659,2
399665,2
399669,2
399683,2
399686,2
399699,2
399700,2
399710,2
399714,2
399717,2
399740,2
399745,2
399753,2
399754,2
399761,2
399763,2
399773,2
399780,2
399786,2
399794,2
399797,2
399805,2
399819,2
399825,2
399828,2
399836,2
399842,2
399844,2
399848,2
399851,2
399854,2
399860,2
399861,2
399864,2
399867,2
399870,2
399872,2
399877,2
399878,2
399880,2
399882,2
399883,2
399886,2
399888,2
399889,2
399890,2
399892,2
399895,2
399896,2
399898,2
399899,2
399901,2
399903,2
399904,2
399907,2
399909,2
399913,2
399917,2
399923,2
399924,2
399929,2
399934,2
399938,2
399939,2
399941,2
399943,2
399948,2
399951,2
399952,2
399955,2
399956,2
399960,2
399963,2
399965,2
399970,2
399983,2
399986,2
399988,2
399990,2
399992,2
399995,2
399996,2
399997,2
399998,2
400000,2
400003,2
400008,2
400014,2
400018,2
400023,2
400030,2
400036,2
400040,2
400048,2
400050,2
400051,2
400058,2
400061,2
400067,2
400070,2
400077,2
400085,2
400106,2
400107,2
400110,2
400114,2
400115,2
400116,2
400122,2
400123,2
400125,2
400132,2
400134,2
400141,2
400148,2
400150,2
400152,2
400154,2
400155,2
400161,2
400163,2
400168,2
400169,2
401933,2
401936,2
401949,2
401958,2
401963,2
401965,2
401972,2
401980,2
401983,2
401986,2
401987,2
401991,2
401996,2
401997,2
402007,2
402014,2
402015,2
402016,2
402018,2
402020,2
402025,2
402027,2
402028,2
402034,2
402037,2
402039,2
402042,2
402043,2
402046,2
402047,2
402048,2
402049,2
402051,2
402052,2
402054,2
402056,2
402057,2
402058,2
402060,2
402061,2
402063,2
402069,2
402071,2
402074,2
402075,2
402078,2
402085,2
402086,2
402087,2
402089,2
402095,2
402096,2
402100,2
402102,2
402103,2
402107,2
402109,2
402110,2
402112,2
402116,2
402118,2
402120,2
402130,2
402134,2
402140,2
402145,2
402146,2
402149,2
402154,2
402155,2
402454,2
402459,2
402463,2
402467,2
402469,2
402476,2
402479,2
402480,2
402483,2
402485,2
402489,2
402493,2
402494,2
402495,2
402499,2
402501,2
402507,2
402509,2
402523,2
402526,2
402532,2
402534,2
402540,2
402544,2
402549,2
402551,2
402558,2
402561,2
402567,2
402573,2
402577,2
402619,2
402621,2
402626,2
402627,2
402640,2
402644,2
402645,2
402648,2
402649,2
402650,2
402651,2
402653,2
402661,2
402676,2
402680,2
402683,2
402688,2
402692,2
402694,2
402696,2
402701,2
402708,2
402713,2
402716,2
402717,2
402729,2
402741,2
402742,2
402744,2
404598,2
404602,2
404604,2
404710,2
404715,2
404721,2
408821,2
408825,2
408826,2
408828,2
408831,2
408834,2
408836,2
408837,2
408838,2
408839,2
408840,2
408842,2
408843,2
408844,2
408845,2
408846,2
408850,2
408852,2
408853,2
408854,2
408855,2
408858,2
408862,2
408863,2
408865,2
408866,2
408867,2
408869,2
408872,2
408873,2
408876,2
408878,2
408879,2
408881,2
408882,2
408884,2
408885,2
408888,2
408889,2
408890,2
408896,2
408898,2
408899,2
408901,2
408903,2
408905,2
408906,2
408907,2
408908,2
408909,2
408919,2
408920,2
408921,2
408922,2
408926,2
408927,2
408932,2
408935,2
408937,2
408938,2
408939,2
408941,2
408942,2
408944,2
408946,2
408947,2
408950,2
408952,2
408953,2
408955,2
408959,2
408960,2
408966,2
408967,2
408970,2
408971,2
408973,2
408974,2
408976,2
408977,2
408978,2
408979,2
408980,2
408982,2
408983,2
408984,2
408985,2
408986,2
408988,2
408990,2
408992,2
408995,2
408996,2
408997,2
408999,2
409000,2
409002,2
409003,2
409006,2
409008,2
409011,2
409012,2
409013,2
409017,2
409019,2
409940,2
409941,2
409942,2
409946,2
409948,2
409949,2
409950,2
409951,2
409952,2
409953,2
409954,2
409955,2
409956,2
409957,2
409958,2
409959,2
409960,2
409961,2
409962,2
409963,2
409967,2
409969,2
409971,2
409973,2
409976,2
409980,2
409981,2
409982,2
409984,2
409986,2
409987,2
409988,2
409989,2
409993,2
409995,2
409996,2
409997,2
409998,2
410002,2
410003,2
410005,2
410006,2
410007,2
410008,2
410010,2
410011,2
410012,2
410013,2
410014,2
410015,2
410016,2
410018,2
410019,2
410020,2
410022,2
410024,2
410025,2
410027,2
410028,2
410029,2
410031,2
410033,2
410034,2
410036,2
410037,2
413360,2
413880,2
415562,2
416223,2
416229,2
416231,2
416232,2
416233,2
416234,2
416235,2
416236,2
416237,2
416238,2
416239,2
416240,2
416241,2
416242,2
416243,2
416244,2
416245,2
416246,2
416247,2
416248,2
416249,2
416250,2
416251,2
416252,2
416253,2
416254,2
416255,2
416256,2
416257,2
416258,2
416259,2
416260,2
416261,2
416262,2
416263,2
416264,2
416265,2
416266,2
416267,2
416268,2
416269,2
416270,2
416271,2
416272,2
416273,2
416274,2
416275,2
416276,2
416277,2
416278,2
416279,2
416280,2
416281,2
416282,2
416283,2
416284,2
416285,2
416286,2
416287,2
416288,2
416289,2
416290,2
416291,2
416292,2
416293,2
416294,2
416295,2
416296,2
416297,2
416298,2
416299,2
416300,2
416301,2
416302,2
416303,2
416304,2
416305,2
416306,2
416307,2
416308,2
416309,2
416310,2
416311,2
416312,2
416313,2
416314,2
416315,2
416316,2
416317,2
416318,2
416319,2
416320,2
416321,2
416322,2
416323,2
416324,2
416325,2
416326,2
416327,2
416328,2
416329,2
416330,2
416331,2
416332,2
416333,2
416334,2
416335,2
416336,2
416337,2
416338,2
416339,2
416340,2
416341,2
416342,2
416343,2
416344,2
416345,2
416346,2
416347,2
416348,2
416349,2
416350,2
416351,2
416352,2
416353,2
416354,2
416355,2
416356,2
416357,2
416358,2
416359,2
416360,2
416361,2
416362,2
416363,2
416364,2
416365,2
416366,2
416367,2
416368,2
416369,2
416370,2
416371,2
416372,2
416373,2
416374,2
416375,2
416376,2
416377,2
416378,2
416379,2
416380,2
416381,2
416382,2
416383,2
416384,2
416385,2
416386,2
416387,2
416388,2
416389,2
416390,2
416391,2
416392,2
416393,2
416394,2
416395,2
416396,2
416397,2
416398,2
416399,2
416400,2
416401,2
416402,2
416403,2
416404,2
416405,2
416406,2
416407,2
416408,2
416409,2
416410,2
416411,2
416412,2
416413,2
416414,2
416415,2
416416,2
416417,2
416418,2
416419,2
416420,2
416421,2
416422,2
416423,2
416424,2
416425,2
416426,2
416427,2
416428,2
416429,2
416430,2
416431,2
416432,2
416433,2
416434,2
416435,2
416436,2
416437,2
416438,2
416439,2
416440,2
416441,2
416442,2
416443,2
416444,2
416445,2
416446,2
416447,2
416448,2
416449,2
416450,2
416451,2
416452,2
416453,2
416454,2
416455,2
416456,2
416457,2
416458,2
416459,2
416460,2
416461,2
416462,2
416463,2
416464,2
416465,2
416466,2
416467,2
416468,2
416469,2
416470,2
416471,2
416472,2
416473,2
416474,2
416475,2
416476,2
416477,2
416478,2
416479,2
416480,2
416481,2
416482,2
416483,2
416484,2
416485,2
416486,2
416487,2
416488,2
416489,2
416490,2
416491,2
416492,2
416493,2
416494,2
416495,2
416496,2
416497,2
416498,2
416499,2
416500,2
416501,2
416502,2
416503,2
416504,2
416505,2
416506,2
416507,2
416508,2
416509,2
416510,2
416511,2
416512,2
416513,2
416514,2
416515,2
416516,2
416517,2
416518,2
416519,2
416520,2
416521,2
416522,2
416523,2
416524,2
416525,2
416526,2
416527,2
416528,2
416529,2
416530,2
416531,2
416532,2
416533,2
416534,2
416535,2
416536,2
416537,2
416538,2
421961,2
423247,2
423249,2
423863,2
424497,2
424705,2
424706,2
424707,2
424708,2
424709,2
424710,2
424712,2
424714,2
424715,2
424717,2
424720,2
424727,2
424732,2
424738,2
424742,2
424750,2
424765,2
424768,2
424772,2
424779,2
424786,2
424796,2
424801,2
424805,2
424814,2
424815,2
424828,2
424829,2
424837,2
424840,2
424851,2
424859,2
424861,2
424863,2
424867,2
424868,2
424877,2
424878,2
424879,2
426043,2
427337,2
427340,2
427343,2
427345,2
427347,2
427349,2
427352,2
427353,2
427354,2
427355,2
427357,2
427359,2
427361,2
427364,2
427365,2
427368,2
427370,2
427371,2
427376,2
427378,2
427379,2
427380,2
427381,2
427383,2
427384,2
427385,2
427386,2
427387,2
427388,2
427389,2
427391,2
427392,2
427393,2
427394,2
427396,2
427397,2
427399,2
427400,2
427401,2
427402,2
427403,2
427404,2
427409,2
427410,2
427412,2
427413,2
427414,2
427415,2
427416,2
427418,2
427419,2
427420,2
427422,2
427431,2
427432,2
427434,2
427435,2
427436,2
427437,2
427438,2
427439,2
427518,2
427523,2
427524,2
427525,2
427528,2
427529,2
427530,2
427536,2
427537,2
427541,2
427542,2
427543,2
427544,2
427546,2
427547,2
427548,2
427550,2
427551,2
427552,2
427554,2
427555,2
427556,2
427557,2
427558,2
427560,2
427563,2
427565,2
427567,2
427568,2
427569,2
427571,2
427572,2
427573,2
427574,2
427575,2
427576,2
427577,2
427578,2
429491,2
429492,2
429493,2
429494,2
429495,2
429496,2
429497,2
429498,2
429968,2
429971,2
432370,2
432761,2
432762,2
432763,2
432764,2
432765,2
432766,2
432767,2
432768,2
432770,2
432773,2
432774,2
432775,2
432778,2
432780,2
432782,2
432783,2
432784,2
432785,2
432786,2
432787,2
432788,2
432789,2
432790,2
432791,2
432792,2
432797,2
432800,2
432801,2
432802,2
432805,2
432806,2
432807,2
432808,2
432809,2
432812,2
432814,2
432818,2
432819,2
432820,2
432821,2
432822,2
432826,2
432828,2
432829,2
432830,2
432831,2
432832,2
432833,2
432834,2
432835,2
432890,2
432892,2
432893,2
432894,2
432895,2
432896,2
432898,2
432899,2
432900,2
432901,2
432902,2
432903,2
432904,2
432908,2
432910,2
432912,2
432913,2
432915,2
432916,2
432917,2
432922,2
432923,2
432924,2
432926,2
432927,2
432928,2
433124,2
433128,2
433270,2
433272,2
434081,2
434086,2
434942,2
434943,2
434945,2
434947,2
434948,2
434949,2
434952,2
434953,2
434956,2
434957,2
434958,2
434959,2
434960,2
434962,2
434963,2
434964,2
434965,2
434966,2
434968,2
434970,2
434971,2
434972,2
434973,2
434975,2
434977,2
434978,2
434979,2
434981,2
434982,2
434983,2
434984,2
434986,2
434988,2
434989,2
434990,2
434992,2
434997,2
434999,2
435000,2
435003,2
435005,2
435006,2
435011,2
435012,2
435018,2
435019,2
435021,2
435022,2
435023,2
435024,2
435025,2
435026,2
435033,2
435035,2
435036,2
435038,2
435039,2
435042,2
435044,2
435046,2
435047,2
435049,2
435050,2
435051,2
435052,2
435054,2
435055,2
435056,2
435057,2
435058,2
435060,2
435061,2
435064,2
435065,2
435066,2
435067,2
435068,2
435070,2
435071,2
435072,2
435073,2
435076,2
435077,2
435078,2
435079,2
435080,2
435081,2
435082,2
435083,2
435084,2
435085,2
435086,2
435087,2
435088,2
435089,2
435093,2
435095,2
435096,2
435097,2
435098,2
435099,2
435100,2
435101,2
435102,2
435103,2
435104,2
435105,2
435106,2
435107,2
435109,2
435110,2
435111,2
435112,2
435113,2
435114,2
435115,2
435117,2
435118,2
435119,2
435121,2
435123,2
435124,2
435125,2
435126,2
435130,2
435131,2
435133,2
435135,2
435137,2
435138,2
435139,2
435142,2
435145,2
435146,2
435147,2
435151,2
435153,2
435155,2
435157,2
435159,2
435161,2
435162,2
435163,2
435164,2
435165,2
435167,2
435169,2
435170,2
435171,2
435172,2
435174,2
435175,2
435176,2
435177,2
435178,2
435179,2
435180,2
435181,2
435182,2
435183,2
435184,2
445138,2
445139,2
445140,2
445141,2
445142,2
445143,2
445144,2
445145,2
445147,2
445776,2
445778,2
462644,2
462660,2
462663,2
462667,2
462672,2
462673,2
462682,2
462685,2
462691,2
462693,2
462695,2
462697,2
462700,2
462702,2
462720,2
462729,2
462730,2
462733,2
462735,2
462736,2
462738,2
462743,2
462746,2
462750,2
462752,2
462755,2
462757,2
462759,2
462764,2
462768,2
462771,2
462774,2
462778,2
462781,2
462785,2
462788,2
462791,2
462797,2
462799,2
462801,2
462804,2
462806,2
462812,2
462815,2
462820,2
462822,2
462824,2
462829,2
462830,2
462832,2
462834,2
462837,2
462839,2
462842,2
462843,2
462846,2
462850,2
462852,2
462858,2
462859,2
462864,2
462865,2
462872,2
462882,2
462888,2
462899,2
462900,2
462902,2
462903,2
462906,2
462962,2
462965,2
462968,2
462971,2
462972,2
462981,2
462983,2
462986,2
462989,2
462990,2
462996,2
462997,2
463001,2
463005,2
463007,2
463009,2
463014,2
463020,2
463024,2
463025,2
463028,2
463029,2
463036,2
463038,2
463040,2
463042,2
463049,2
463052,2
463055,2
463057,2
463066,2
463067,2
463068,2
463069,2
463078,2
463085,2
463088,2
463093,2
463098,2
463100,2
463103,2
463110,2
463115,2
463117,2
463123,2
463128,2
463135,2
463137,2
463159,2
463161,2
463171,2
463173,2
463176,2
463187,2
463190,2
463196,2
463199,2
463202,2
463209,2
463213,2
463215,2
463218,2
463225,2
463231,2
463232,2
463241,2
463242,2
463245,2
463246,2
463258,2
463391,2
463398,2
463401,2
463404,2
463407,2
463411,2
463417,2
463421,2
463422,2
463424,2
463428,2
463430,2
463432,2
463438,2
463452,2
463454,2
463456,2
463458,2
463460,2
463465,2
463466,2
463474,2
463478,2
463481,2
463485,2
463487,2
463489,2
463496,2
463498,2
463502,2
463503,2
463504,2
463505,2
463506,2
463510,2
463512,2
463513,2
463514,2
463516,2
463520,2
463521,2
463522,2
463523,2
463524,2
463525,2
463526,2
463527,2
463529,2
463532,2
463534,2
463535,2
463537,2
463540,2
463543,2
463544,2
463545,2
463547,2
463550,2
463554,2
463555,2
463557,2
463558,2
463560,2
463561,2
463563,2
463564,2
463566,2
463567,2
463570,2
463576,2
463581,2
463584,2
463586,2
463588,2
463589,2
463591,2
463592,2
463593,2
463595,2
463598,2
463604,2
463605,2
463606,2
463608,2
463610,2
463611,2
463612,2
463615,2
463620,2
463621,2
463624,2
463628,2
463636,2
463637,2
463641,2
463642,2
463645,2
463649,2
463650,2
463658,2
463661,2
463663,2
463666,2
463671,2
463678,2
463681,2
463688,2
463692,2
463698,2
463707,2
463711,2
463712,2
463716,2
463724,2
463738,2
463739,2
463741,2
463742,2
463748,2
463750,2
463751,2
463757,2
463760,2
463761,2
463766,2
463771,2
463772,2
463775,2
463776,2
463778,2
463779,2
463788,2
463790,2
463792,2
463806,2
463810,2
463815,2
463817,2
463822,2
463825,2
463828,2
463832,2
463833,2
463834,2
463838,2
463840,2
463842,2
466816,2
466825,2
466827,2
466831,2
466833,2
466847,2
466848,2
466853,2
466854,2
466859,2
466862,2
466873,2
466874,2
466881,2
466884,2
466886,2
466890,2
466892,2
466896,2
466904,2
466906,2
466909,2
466910,2
466911,2
466916,2
466917,2
466933,2
467669,2
467674,2
467675,2
467676,2
467679,2
467682,2
467686,2
467687,2
467688,2
467689,2
467697,2
467699,2
467712,2
467716,2
467719,2
467720,2
467722,2
467724,2
467725,2
467735,2
467736,2
467744,2
467747,2
467753,2
467758,2
467766,2
467768,2
467776,2
467777,2
467782,2
467784,2
467871,2
467873,2
467875,2
467884,2
467890,2
467891,2
467897,2
467899,2
467911,2
467923,2
467924,2
467927,2
467930,2
467933,2
467939,2
467946,2
467960,2
467964,2
467968,2
467974,2
467982,2
467988,2
467992,2
467998,2
468009,2
468012,2
468019,2
468020,2
468022,2
468026,2
468028,2
468037,2
468040,2
468048,2
468067,2
468071,2
468090,2
468103,2
468106,2
468113,2
468115,2
468128,2
468129,2
468136,2
468140,2
468143,2
468145,2
468147,2
468154,2
468155,2
468157,2
468167,2
468171,2
468178,2
468183,2
468194,2
468202,2
468208,2
468214,2
468218,2
468220,2
468226,2
468228,2
468232,2
468233,2
468240,2
468246,2
468250,2
468251,2
468263,2
476493,2
476511,2
476515,2
476524,2
476527,2
476531,2
476532,2
476533,2
476536,2
476540,2
476542,2
476543,2
476545,2
476549,2
476550,2
476553,2
476555,2
476562,2
476563,2
476568,2
476570,2
476575,2
476578,2
476583,2
476585,2
476587,2
476588,2
476590,2
476593,2
476594,2
476596,2
476597,2
476598,2
476602,2
476604,2
476609,2
476610,2
476611,2
476612,2
476615,2
476617,2
476619,2
476621,2
476622,2
476623,2
476624,2
476627,2
476630,2
476631,2
476634,2
476636,2
476638,2
476643,2
476644,2
476651,2
476655,2
476657,2
476658,2
476659,2
476660,2
476665,2
476666,2
476667,2
476670,2
476673,2
476674,2
476677,2
476682,2
476685,2
476686,2
476687,2
476688,2
476692,2
476695,2
476700,2
476702,2
476708,2
476710,2
476713,2
476714,2
476719,2
476720,2
476723,2
476728,2
476730,2
476731,2
476734,2
476738,2
476740,2
476744,2
476745,2
476749,2
476751,2
476753,2
476754,2
476756,2
476762,2
476764,2
476767,2
476768,2
476769,2
476778,2
476779,2
476780,2
476783,2
476787,2
476791,2
476793,2
476798,2
476806,2
476811,2
476813,2
476816,2
476817,2
476819,2
476822,2
476823,2
476825,2
476826,2
476827,2
476828,2
476830,2
476832,2
476833,2
476835,2
476836,2
476837,2
476839,2
476845,2
476847,2
476849,2
476852,2
476854,2
476856,2
476857,2
476858,2
476859,2
476860,2
476861,2
476862,2
476863,2
476864,2
476866,2
476867,2
476870,2
476873,2
476874,2
476876,2
476878,2
476880,2
476882,2
476883,2
476884,2
476885,2
476889,2
476890,2
476891,2
476893,2
476896,2
476897,2
476898,2
476899,2
476900,2
476901,2
476911,2
476913,2
476914,2
476915,2
476916,2
476917,2
476919,2
476921,2
476922,2
476927,2
476928,2
476929,2
476930,2
476931,2
476932,2
476935,2
476936,2
476939,2
476940,2
476941,2
476943,2
476949,2
476951,2
476952,2
476957,2
476959,2
476960,2
476961,2
476962,2
476966,2
476970,2
476971,2
476973,2
476975,2
476976,2
476977,2
476979,2
476984,2
476985,2
476987,2
476989,2
476991,2
476992,2
476993,2
476994,2
476995,2
476998,2
477001,2
477002,2
477004,2
477006,2
477007,2
477008,2
477009,2
477010,2
477015,2
477017,2
477020,2
477022,2
477023,2
477024,2
477025,2
477026,2
477032,2
477033,2
477035,2
477039,2
477041,2
477042,2
477047,2
477048,2
477054,2
477057,2
477064,2
477066,2
477069,2
477070,2
477073,2
477080,2
477086,2
477087,2
477095,2
477096,2
477098,2
477100,2
477105,2
477107,2
477110,2
477111,2
477112,2
477113,2
477114,2
477115,2
477117,2
477120,2
477121,2
477126,2
477132,2
477133,2
477138,2
477139,2
477144,2
477148,2
477150,2
477153,2
477154,2
477155,2
477156,2
477163,2
477164,2
477167,2
477168,2
477169,2
477170,2
477171,2
477172,2
477176,2
477177,2
477178,2
477180,2
477181,2
477182,2
477183,2
477186,2
477189,2
477193,2
477194,2
477195,2
477197,2
477198,2
477204,2
477207,2
477216,2
477219,2
477222,2
477232,2
477233,2
477235,2
477236,2
477237,2
477240,2
477245,2
477249,2
477251,2
477257,2
477259,2
477260,2
477263,2
477266,2
477271,2
477277,2
477278,2
477281,2
477284,2
477287,2
477292,2
477294,2
477297,2
477304,2
477305,2
477308,2
477319,2
477354,2
477355,2
477367,2
477371,2
477375,2
477381,2
477390,2
477392,2
477394,2
477397,2
477401,2
477415,2
477428,2
477432,2
477437,2
477444,2
477450,2
477453,2
477454,2
477476,2
477485,2
477491,2
477508,2
477510,2
477516,2
477518,2
477520,2
477528,2
477540,2
477553,2
477557,2
477562,2
477566,2
477576,2
477583,2
477586,2
477596,2
477605,2
477606,2
477608,2
478503,2
478509,2
478512,2
478519,2
478522,2
478523,2
478529,2
478538,2
478540,2
478546,2
478549,2
478553,2
478555,2
478556,2
478561,2
478562,2
478563,2
478566,2
478569,2
478570,2
478571,2
478575,2
478576,2
478581,2
478584,2
478587,2
478595,2
478598,2
478602,2
478603,2
478604,2
478609,2
478611,2
478614,2
478615,2
478618,2
478619,2
478621,2
478626,2
478633,2
478636,2
478638,2
478640,2
478642,2
478643,2
478644,2
478648,2
478649,2
478653,2
478658,2
478659,2
478661,2
478662,2
478664,2
478667,2
478668,2
478669,2
478672,2
478673,2
478675,2
478677,2
478678,2
478679,2
478680,2
478681,2
478683,2
478685,2
478687,2
478692,2
478693,2
478694,2
478695,2
478696,2
478698,2
478700,2
478701,2
478703,2
478704,2
478706,2
478708,2
478710,2
478712,2
478713,2
478714,2
478716,2
478717,2
478719,2
478720,2
478721,2
478722,2
478723,2
478726,2
478729,2
478732,2
478734,2
478737,2
478738,2
478739,2
478740,2
478742,2
478744,2
478750,2
478753,2
478756,2
478759,2
478760,2
478761,2
478765,2
478766,2
478770,2
478774,2
478776,2
478777,2
478779,2
478781,2
478784,2
478790,2
478791,2
478792,2
478793,2
478794,2
478796,2
478797,2
478798,2
478808,2
478818,2
478822,2
478838,2
478842,2
478843,2
478845,2
478847,2
478848,2
478849,2
478851,2
478863,2
478867,2
478870,2
478872,2
478888,2
478892,2
479231,2
479253,2
479256,2
479259,2
479263,2
479275,2
479282,2
479293,2
479300,2
479302,2
479303,2
479304,2
479307,2
479314,2
479324,2
479332,2
479335,2
479360,2
479370,2
479374,2
479381,2
479382,2
479386,2
479392,2
479401,2
479411,2
479415,2
479422,2
479432,2
479434,2
479435,2
479444,2
479451,2
479455,2
479458,2
479459,2
479468,2
479483,2
479484,2
479523,2
479525,2
479536,2
479538,2
479540,2
479543,2
479545,2
479546,2
479549,2
479551,2
479553,2
479563,2
479565,2
480469,2
480470,2
480471,2
480476,2
480482,2
480483,2
480485,2
482815,2
482823,2
482827,2
482831,2
482839,2
482841,2
482843,2
482844,2
482846,2
482847,2
482848,2
482851,2
482855,2
482863,2
482865,2
482866,2
482868,2
482870,2
482872,2
482873,2
482887,2
482890,2
482893,2
482895,2
482897,2
482899,2
482900,2
482902,2
482905,2
482907,2
482912,2
482914,2
482923,2
482924,2
482925,2
482927,2
482929,2
482930,2
482932,2
482938,2
482939,2
482940,2
482944,2
482945,2
482947,2
482953,2
482955,2
482970,2
482972,2
482975,2
482982,2
482983,2
482984,2
482986,2
482987,2
482988,2
482991,2
482993,2
482995,2
482998,2
483000,2
483001,2
483006,2
483008,2
483018,2
483020,2
484475,2
484488,2
484489,2
484501,2
484506,2
484514,2
484520,2
484521,2
484524,2
484526,2
484527,2
484529,2
484531,2
484533,2
484537,2
484540,2
484541,2
484542,2
484547,2
484550,2
484552,2
484555,2
484557,2
484559,2
484561,2
484564,2
484565,2
484566,2
484567,2
484568,2
484571,2
484575,2
484576,2
484579,2
484581,2
484582,2
484585,2
484586,2
484589,2
484591,2
484594,2
484595,2
484599,2
484600,2
484601,2
484603,2
484604,2
484605,2
484608,2
484611,2
484612,2
484617,2
484622,2
484625,2
484626,2
484628,2
484629,2
484632,2
484634,2
484636,2
484637,2
484646,2
484652,2
484654,2
484659,2
484664,2
484670,2
484671,2
484681,2
484686,2
484687,2
484696,2
484700,2
484703,2
484704,2
484705,2
484708,2
484713,2
484725,2
484726,2
484727,2
484729,2
484730,2
484734,2
484740,2
484744,2
484745,2
484749,2
484750,2
484756,2
484761,2
484763,2
484768,2
484771,2
484774,2
484775,2
484779,2
484783,2
484787,2
484791,2
484794,2
484795,2
484815,2
484816,2
484820,2
484821,2
484823,2
484836,2
484850,2
484851,2
484854,2
484856,2
484862,2
484865,2
484867,2
484872,2
484890,2
484893,2
484894,2
484896,2
484897,2
484898,2
484899,2
484900,2
484901,2
484906,2
484909,2
484911,2
484912,2
484914,2
484916,2
484917,2
484924,2
484928,2
484941,2
484942,2
484944,2
484946,2
484952,2
484955,2
484960,2
484961,2
484964,2
484965,2
484967,2
484974,2
484976,2
485027,2
485045,2
485054,2
485062,2
485063,2
485065,2
485077,2
485083,2
485085,2
485086,2
485087,2
485091,2
485093,2
485096,2
485099,2
485104,2
485106,2
485110,2
485115,2
485120,2
485125,2
485129,2
485141,2
485142,2
485154,2
485155,2
485158,2
485168,2
485174,2
485176,2
485180,2
485322,2
485327,2
485341,2
485342,2
485350,2
485362,2
485369,2
485386,2
485398,2
485408,2
485411,2
485412,2
486643,2
486720,2
487397,2
487398,2
487405,2
487408,2
487420,2
487428,2
487432,2
487437,2
487448,2
487455,2
487457,2
487465,2
487466,2
487474,2
487483,2
487490,2
487500,2
487503,2
487506,2
487509,2
487511,2
487513,2
487520,2
487521,2
487533,2
487542,2
487549,2
487550,2
487551,2
487556,2
487557,2
487560,2
487569,2
487582,2
487584,2
487615,2
487618,2
487634,2
487636,2
487640,2
487643,2
487648,2
487651,2
487658,2
487664,2
487673,2
487674,2
487675,2
487684,2
487686,2
487688,2
487691,2
487693,2
487703,2
487704,2
487709,2
487710,2
487711,2
487713,2
487714,2
487716,2
487717,2
487720,2
487722,2
487724,2
487733,2
487739,2
487741,2
487753,2
487754,2
487843,2
487851,2
487861,2
487863,2
487866,2
487877,2
487879,2
487894,2
487896,2
487931,2
487934,2
487935,2
487936,2
487937,2
487938,2
487939,2
487941,2
487943,2
487959,2
487960,2
487961,2
487970,2
487973,2
487977,2
487989,2
487996,2
487997,2
487998,2
488139,2
490708,2
504184,2
504191,2
504195,2
504201,2
504218,2
504223,2
504229,2
504231,2
504234,2
504241,2
504248,2
504487,2
504502,2
504519,2
504520,2
504537,2
504734,2
504744,2
504745,2
504747,2
504758,2
504761,2
504763,2
504764,2
504766,2
504768,2
504773,2
504778,2
504794,2
505134,2
505151,2
505154,2
505165,2
505170,2
505174,2
505176,2
505944,2
505948,2
505953,2
506060,2
506074,2
506088,2
506092,2
506098,2
506102,2
506103,2
506368,2
506373,2
506376,2
506381,2
506384,2
506397,2
506840,2
506844,2
506848,2
506853,2
506855,2
506858,2
506860,2
506865,2
508878,2
508879,2
508880,2
512860,2
512862,2
512863,2
512864,2
512865,2
512870,2
512939,2
512940,2
513333,2
513336,2
513338,2
514029,2
514338,2
514339,2
514340,2
527518,2
527525,2
527530,2
527539,2
527540,2
527541,2
527542,2
527543,2
527545,2
527547,2
527552,2
527554,2
527555,2
527559,2
527561,2
527563,2
527567,2
527569,2
527570,2
527571,2
527572,2
527573,2
527574,2
527575,2
527577,2
527578,2
527582,2
527584,2
527588,2
527589,2
527592,2
527593,2
527597,2
527598,2
527600,2
527602,2
527603,2
527604,2
527614,2
527615,2
527618,2
527619,2
527620,2
527622,2
527623,2
527624,2
527625,2
527631,2
527633,2
527635,2
527638,2
527639,2
527642,2
527644,2
527645,2
527648,2
527651,2
527653,2
527656,2
527659,2
527660,2
527662,2
527671,2
527672,2
527674,2
527677,2
527680,2
527681,2
527682,2
527683,2
527685,2
527686,2
527689,2
527690,2
527691,2
527692,2
527694,2
527696,2
527699,2
527700,2
527701,2
527702,2
527704,2
527706,2
527709,2
527712,2
527714,2
527723,2
527729,2
527731,2
527740,2
527742,2
527751,2
527789,2
527791,2
527796,2
527799,2
527804,2
527805,2
527819,2
527821,2
527847,2
527849,2
527850,2
527869,2
527876,2
527881,2
527885,2
527887,2
527891,2
527893,2
527894,2
527896,2
527900,2
527902,2
527909,2
527916,2
527920,2
527923,2
527925,2
527927,2
527936,2
527938,2
527944,2
527949,2
527951,2
527955,2
527969,2
527971,2
527976,2
527980,2
527982,2
527984,2
527987,2
527999,2
528003,2
528004,2
528010,2
528014,2
528017,2
528025,2
528032,2
528034,2
528036,2
528046,2
528047,2
528050,2
528052,2
528053,2
528057,2
528060,2
528065,2
528067,2
528070,2
528076,2
528082,2
528088,2
528091,2
528092,2
528106,2
528111,2
528114,2
528117,2
528132,2
528147,2
528152,2
528153,2
528155,2
528159,2
528162,2
528165,2
528179,2
528182,2
528194,2
528202,2
528203,2
528212,2
528214,2
528217,2
528221,2
528236,2
528246,2
528253,2
528259,2
528264,2
528265,2
531019,2
531029,2
531031,2
531037,2
531048,2
531056,2
531064,2
531066,2
531068,2
531071,2
531074,2
531076,2
531078,2
531084,2
531086,2
531108,2
531119,2
531130,2
531135,2
531162,2
531180,2
531181,2
531185,2
531191,2
531204,2
531210,2
531211,2
531213,2
531215,2
531230,2
531231,2
531234,2
531245,2
531257,2
531260,2
531263,2
531264,2
531266,2
531268,2
531271,2
531274,2
531276,2
531277,2
531280,2
531281,2
531283,2
531284,2
531287,2
531292,2
531294,2
531296,2
531299,2
531306,2
531310,2
531312,2
531313,2
531314,2
531317,2
531319,2
531320,2
531327,2
531332,2
531335,2
531337,2
531338,2
531340,2
531342,2
531347,2
531350,2
531351,2
531352,2
531354,2
531355,2
531357,2
531377,2
531384,2
531388,2
531398,2
531401,2
531537,2
531541,2
531542,2
531543,2
531550,2
531552,2
531554,2
531557,2
531563,2
531564,2
531567,2
531571,2
531582,2
531587,2
531588,2
531592,2
531597,2
531614,2
531620,2
531629,2
531631,2
531634,2
531638,2
535740,2
535741,2
535743,2
535745,2
535749,2
535750,2
536114,2
536116,2
536117,2
536427,2
536431,2
536441,2
538654,2
538659,2
538668,2
538699,2
538865,2
539332,2
539357,2
539358,2
539362,2
539363,2
539366,2
539367,2
539368,2
540490,2
540531,2
550689,2
550696,2
550707,2
550708,2
550711,2
550714,2
550716,2
550717,2
551419,2
551808,2
551909,2
551910,2
551911,2
551932,2
551935,2
565886,2
565894,2
565896,2
565904,2
565913,2
565914,2
565927,2
565929,2
565937,2
565939,2
565943,2
565947,2
565950,2
565951,2
565952,2
565964,2
565969,2
565981,2
565983,2
565985,2
565991,2
565998,2
566000,2
566006,2
566010,2
566014,2
566015,2
566017,2
566020,2
566023,2
566033,2
566043,2
566049,2
566050,2
566052,2
566055,2
566057,2
566059,2
566074,2
566076,2
566088,2
566090,2
566092,2
566096,2
566097,2
566099,2
566101,2
566102,2
567232,2
567234,2
567246,2
567252,2
567257,2
567265,2
567266,2
567267,2
567274,2
567279,2
567300,2
567301,2
567302,2
567303,2
567310,2
567311,2
567314,2
567323,2
567331,2
567337,2
567342,2
567343,2
567347,2
567350,2
567368,2
567371,2
567376,2
567377,2
567385,2
567388,2
567389,2
567391,2
567393,2
567402,2
567412,2
567413,2
567432,2
567435,2
567438,2
567447,2
567451,2
567453,2
567462,2
567468,2
567470,2
567483,2
567486,2
567517,2
567526,2
567528,2
567537,2
567544,2
567546,2
568295,2
568302,2
568308,2
568309,2
568312,2
568321,2
568330,2
568331,2
568341,2
568343,2
568347,2
568352,2
568353,2
568355,2
568357,2
568359,2
568361,2
568363,2
568365,2
568367,2
568373,2
568375,2
568384,2
568385,2
568393,2
568396,2
568398,2
568400,2
568403,2
568404,2
568409,2
568415,2
568421,2
568426,2
568430,2
568434,2
568437,2
568439,2
568443,2
568451,2
568457,2
568460,2
568463,2
568466,2
568479,2
568490,2
568491,2
568497,2
568498,2
568500,2
568503,2
569065,2
569072,2
569074,2
569075,2
569079,2
569080,2
569086,2
569089,2
569094,2
569099,2
569111,2
569117,2
569119,2
569124,2
569126,2
569127,2
569145,2
569147,2
569152,2
569154,2
569158,2
569159,2
569162,2
569164,2
569168,2
569175,2
569177,2
569182,2
569193,2
569197,2
569198,2
569201,2
571137,2
571153,2
571155,2
571159,2
571161,2
571168,2
571172,2
571178,2
571190,2
571194,2
571198,2
571200,2
571204,2
571207,2
571209,2
571211,2
571375,2
571378,2
571399,2
571413,2
571419,2
571427,2
571431,2
571436,2
571438,2
571440,2
571443,2
571445,2
571449,2
571453,2
571465,2
571474,2
571477,2
571482,2
571484,2
571495,2
571496,2
571502,2
572254,2
572266,2
572270,2
572271,2
572276,2
572280,2
572285,2
572290,2
572294,2
572299,2
572301,2
572302,2
572305,2
572312,2
572313,2
572314,2
572322,2
572323,2
572324,2
572327,2
572351,2
572357,2
572374,2
572378,2
572383,2
572393,2
572400,2
572401,2
572403,2
572406,2
572412,2
572423,2
572431,2
572442,2
572448,2
572453,2
572455,2
572456,2
572457,2
572469,2
572473,2
572474,2
572477,2
572482,2
572485,2
574463,2
574464,2
574465,2
574466,2
574467,2
574468,2
574469,2
574471,2
574472,2
574473,2
574476,2
574477,2
574478,2
574480,2
574481,2
574482,2
574483,2
574484,2
574485,2
574486,2
574487,2
574488,2
574489,2
574490,2
574491,2
575583,2
575584,2
575586,2
575609,2
575611,2
575896,2
575897,2
575899,2
575902,2
575903,2
575904,2
575905,2
575907,2
575908,2
575909,2
575912,2
575914,2
575917,2
575919,2
575920,2
575921,2
575922,2
575994,2
575997,2
575999,2
576000,2
576001,2
576004,2
576005,2
576006,2
576007,2
576266,2
581823,2
590170,2
590174,2
590564,2
609138,2
609868,2
609870,2
610417,2
611158,2
611159,2
611160,2
611161,2
611162,2
611163,2
611164,2
611165,2
611166,2
611167,2
611171,2
611172,2
611173,2
611175,2
611176,2
611177,2
611178,2
611179,2
611181,2
611183,2
611184,2
611185,2
611186,2
611187,2
611188,2
611189,2
611191,2
611192,2
611193,2
611195,2
611196,2
611197,2
611198,2
611200,2
611201,2
611202,2
611206,2
611207,2
611228,2
611229,2
611232,2
611239,2
611240,2
611244,2
611245,2
611246,2
611247,2
611248,2
611250,2
611319,2
611321,2
611323,2
611333,2
612193,2
615055,2
615056,2
615057,2
615058,2
615059,2
615143,2
615145,2
617913,2
617914,2
617915,2
617917,2
617918,2
617919,2
617920,2
617921,2
617922,2
617924,2
617926,2
617928,2
617930,2
617932,2
617933,2
617934,2
617935,2
617937,2
617942,2
617945,2
617946,2
617947,2
617949,2
617950,2
617953,2
617954,2
617956,2
617957,2
617960,2
617961,2
617962,2
617963,2
617964,2
617966,2
617967,2
617968,2
617970,2
617972,2
617973,2
617974,2
617975,2
617976,2
617977,2
617978,2
617979,2
617980,2
617984,2
617985,2
617987,2
617989,2
617992,2
617993,2
617994,2
617995,2
617996,2
617997,2
617998,2
618002,2
618003,2
618005,2
618008,2
618009,2
618010,2
618011,2
618015,2
618016,2
618017,2
618018,2
618019,2
618021,2
618022,2
618027,2
618028,2
618029,2
618030,2
618036,2
618037,2
618039,2
618041,2
618042,2
618043,2
618044,2
618046,2
618049,2
618050,2
618051,2
618055,2
618056,2
618057,2
618058,2
618059,2
618060,2
618061,2
618066,2
618069,2
618070,2
618071,2
618072,2
618073,2
618074,2
618075,2
618077,2
618079,2
618083,2
618084,2
618086,2
618088,2
618089,2
618090,2
618092,2
618093,2
618095,2
618097,2
618101,2
618102,2
618103,2
618105,2
618107,2
618108,2
618109,2
618110,2
618111,2
618113,2
618114,2
618115,2
618116,2
618117,2
618119,2
618120,2
618122,2
618123,2
618129,2
618131,2
618132,2
618134,2
618136,2
618140,2
618141,2
618143,2
618144,2
618145,2
618146,2
618148,2
618149,2
618151,2
618152,2
618153,2
618155,2
618156,2
618157,2
618159,2
618160,2
618165,2
618166,2
618168,2
618169,2
618171,2
618172,2
618174,2
618177,2
618178,2
618179,2
618180,2
618181,2
618183,2
618185,2
618186,2
618187,2
618189,2
618191,2
618192,2
618193,2
618195,2
618196,2
618198,2
618200,2
618201,2
618204,2
618205,2
618206,2
618207,2
618208,2
618209,2
618211,2
618212,2
618547,2
618548,2
618549,2
618550,2
618551,2
618552,2
618553,2
618554,2
618555,2
618556,2
618557,2
618558,2
618559,2
618560,2
618561,2
618562,2
618563,2
618564,2
618565,2
618566,2
618567,2
618568,2
618569,2
618570,2
618571,2
618572,2
618573,2
618574,2
618575,2
618576,2
618577,2
618578,2
618579,2
618581,2
618583,2
618585,2
618589,2
618591,2
618592,2
618593,2
618599,2
618600,2
618603,2
618604,2
618606,2
618608,2
618609,2
618613,2
618614,2
618616,2
618617,2
618618,2
618620,2
618621,2
618622,2
618623,2
618624,2
618625,2
618626,2
618627,2
618628,2
618629,2
618631,2
618632,2
618634,2
618635,2
618636,2
618638,2
618639,2
618643,2
618644,2
618645,2
618646,2
618647,2
618648,2
618651,2
618652,2
618653,2
618654,2
618655,2
618656,2
618657,2
618658,2
618660,2
618661,2
618662,2
618663,2
618665,2
618666,2
618667,2
618668,2
618669,2
618670,2
618671,2
618675,2
618677,2
618681,2
618682,2
618683,2
618686,2
618687,2
618688,2
618690,2
618691,2
618692,2
618693,2
618695,2
618697,2
618698,2
618699,2
618700,2
618701,2
618702,2
618703,2
618705,2
619435,2
619438,2
619441,2
619460,2
619465,2
619467,2
619475,2
619481,2
619483,2
619489,2
619493,2
619497,2
619505,2
619508,2
619514,2
619517,2
619524,2
619549,2
619559,2
619561,2
619562,2
619566,2
619568,2
619569,2
619576,2
619578,2
619582,2
619585,2
619586,2
619591,2
619593,2
619628,2
619640,2
619648,2
619658,2
619662,2
619666,2
619668,2
619677,2
619678,2
619680,2
619683,2
619685,2
619687,2
619692,2
619698,2
619707,2
619708,2
619710,2
619715,2
619719,2
619722,2
619724,2
619729,2
621043,2
621045,2
621046,2
621047,2
621050,2
621051,2
621389,2
621390,2
621391,2
621392,2
621394,2
621395,2
621398,2
621399,2
621400,2
621402,2
621404,2
621405,2
621406,2
621407,2
621413,2
621415,2
621416,2
621420,2
621421,2
621422,2
621424,2
621426,2
621428,2
621429,2
621430,2
621434,2
621435,2
621440,2
621443,2
621444,2
621446,2
621450,2
621451,2
621453,2
621569,2
621573,2
621574,2
621575,2
621577,2
621578,2
621579,2
621581,2
621583,2
621586,2
621589,2
621828,2
621830,2
621831,2
621832,2
621858,2
621859,2
621860,2
622561,2
622569,2
641633,2
641634,2
641636,2
641637,2
641639,2
641640,2
641641,2
641642,2
641643,2
641644,2
641645,2
641646,2
641648,2
641649,2
641650,2
641651,2
641652,2
641653,2
641654,2
641655,2
641657,2
641658,2
641659,2
641660,2
641661,2
641662,2
641663,2
641665,2
641668,2
641669,2
641670,2
641671,2
641672,2
641673,2
641675,2
641676,2
641677,2
641678,2
641679,2
641680,2
641682,2
641683,2
641684,2
641687,2
641688,2
641689,2
641690,2
641691,2
641692,2
641693,2
641694,2
641695,2
641696,2
641697,2
641698,2
641699,2
641700,2
641701,2
641703,2
641705,2
641706,2
641707,2
641708,2
641709,2
641710,2
641711,2
641712,2
641713,2
641714,2
641715,2
641718,2
641719,2
641720,2
641721,2
641722,2
641723,2
641724,2
641725,2
641727,2
641728,2
641729,2
641731,2
641732,2
641734,2
641735,2
641736,2
641737,2
641738,2
641739,2
641740,2
641743,2
641744,2
641745,2
641748,2
641749,2
641750,2
641751,2
641752,2
641753,2
641755,2
641756,2
641757,2
641758,2
641760,2
641761,2
641764,2
641765,2
641766,2
641768,2
641769,2
641770,2
641772,2
641774,2
641775,2
641777,2
641778,2
641779,2
641780,2
641781,2
641782,2
641783,2
641785,2
641786,2
641788,2
641789,2
641791,2
641792,2
641793,2
641794,2
641795,2
641796,2
641800,2
641801,2
641802,2
641803,2
641805,2
641806,2
641807,2
641809,2
641810,2
641811,2
641812,2
641813,2
641814,2
641815,2
641816,2
641817,2
641818,2
641820,2
641822,2
641823,2
641824,2
641828,2
641829,2
641830,2
641831,2
641832,2
641833,2
641834,2
641835,2
641836,2
641837,2
641838,2
641839,2
641840,2
641841,2
641842,2
641843,2
641845,2
641846,2
641847,2
641849,2
641850,2
641851,2
641853,2
641855,2
641856,2
641857,2
641859,2
641860,2
641861,2
641862,2
641863,2
641864,2
641865,2
641866,2
641867,2
641868,2
641870,2
641871,2
641872,2
641873,2
641876,2
641877,2
641878,2
641879,2
641881,2
641883,2
641884,2
641886,2
641888,2
641889,2
641890,2
641891,2
641892,2
641893,2
641894,2
641895,2
641896,2
641897,2
641898,2
641901,2
641902,2
641903,2
641904,2
641905,2
641907,2
641908,2
641910,2
641911,2
641912,2
641913,2
641914,2
641915,2
641916,2
641917,2
641918,2
641919,2
641920,2
641921,2
641922,2
641923,2
641924,2
645917,2
645919,2
645920,2
645921,2
645922,2
645923,2
645924,2
645925,2
645926,2
645927,2
645928,2
645929,2
645930,2
645931,2
645933,2
645934,2
645935,2
645936,2
645937,2
645941,2
645943,2
645944,2
645945,2
645946,2
645947,2
645948,2
645949,2
645950,2
645951,2
645952,2
645953,2
645955,2
645957,2
645958,2
645959,2
645961,2
645962,2
645963,2
645967,2
645969,2
645970,2
645971,2
645972,2
645973,2
645974,2
645975,2
645977,2
645978,2
645979,2
645980,2
645981,2
645982,2
645984,2
645985,2
645986,2
645987,2
645989,2
645990,2
645991,2
645993,2
645994,2
645995,2
645996,2
645998,2
646000,2
646001,2
646002,2
646003,2
646005,2
646006,2
646007,2
646008,2
646009,2
646010,2
646012,2
646013,2
646014,2
646016,2
646017,2
646018,2
646020,2
646022,2
646023,2
646024,2
646025,2
646026,2
646028,2
646029,2
646030,2
646031,2
646032,2
646033,2
646035,2
646036,2
646037,2
646038,2
646039,2
646040,2
646041,2
646043,2
646044,2
646045,2
646046,2
646047,2
646048,2
646049,2
646050,2
646051,2
646052,2
646055,2
646056,2
646057,2
646058,2
646059,2
646060,2
646061,2
646062,2
646063,2
646064,2
646065,2
646066,2
646067,2
652284,2
652286,2
652287,2
652389,2
652532,2
652794,2
652800,2
652803,2
652805,2
652821,2
652827,2
652829,2
652958,2
652960,2
652966,2
653275,2
654740,2
656199,2
656202,2
656203,2
656204,2
656438,2
656439,2
667120,2
667388,2
667991,2
669022,2
677245,2
677972,2
682124,2
682731,2
684415,2
688159,2
688160,2
688770,2
688771,2
688772,2
690064,2
690176,2
693351,2
693352,2
694087,2
695597,2
702670,2
713907,2
725468,2
739031,2
753795,2
753796,2
753797,2
753798,2
753799,2
753800,2
753801,2
753802,2
753803,2
753804,2
753805,2
753806,2
753807,2
753808,2
753809,2
753810,2
753812,2
753813,2
753814,2
753815,2
753816,2
755873,2
755874,2
755875,2
755876,2
755877,2
755878,2
760074,2
760076,2
760211,2
760213,2
760216,2
760219,2
760226,2
760261,2
760265,2
760266,2
760436,2
760551,2
760569,2
760595,2
769458,2
769459,2
769460,2
769461,2
769462,2
769463,2
769464,2
769465,2
769466,2
769467,2
769468,2
769469,2
769470,2
769471,2
769472,2
769473,2
769474,2
769475,2
769476,2
769477,2
769478,2
769479,2
769481,2
769482,2
769483,2
769484,2
769485,2
769486,2
769487,2
769488,2
769489,2
769490,2
769491,2
769492,2
769493,2
769494,2
769495,2
769496,2
769497,2
769498,2
769499,2
769500,2
769501,2
769502,2
769503,2
769504,2
769505,2
769506,2
769507,2
769508,2
769509,2
769510,2
769511,2
769512,2
769513,2
769514,2
769515,2
769516,2
769517,2
769518,2
769519,2
769520,2
769521,2
769522,2
769523,2
769524,2
769525,2
769526,2
769527,2
769528,2
769529,2
769530,2
769531,2
769532,2
769533,2
769534,2
769535,2
769536,2
769537,2
769541,2
769543,2
771529,2
771530,2
771531,2
771532,2
771533,2
771535,2
771536,2
771537,2
771538,2
771539,2
771540,2
771541,2
771542,2
771543,2
771544,2
771545,2
771546,2
771547,2
771548,2
771549,2
771550,2
771551,2
771552,2
771553,2
771554,2
771555,2
771556,2
771557,2
771558,2
775878,2
775879,2
775880,2
775949,2
776001,2
776007,2
776016,2
776019,2
776020,2
776025,2
776026,2
776166,2
776170,2
776174,2
776183,2
776194,2
776200,2
776204,2
776215,2
776217,2
776304,2
776307,2
776312,2
776314,2
776318,2
776321,2
776323,2
776328,2
776331,2
776333,2
776342,2
776348,2
776349,2
776491,2
776677,2
776680,2
776687,2
776689,2
778273,2
784567,2
784568,2
784569,2
784570,2
784571,2
784572,2
784573,2
784574,2
784575,2
784576,2
784577,2
784578,2
784579,2
784580,2
784581,2
784582,2
784583,2
784584,2
784585,2
784586,2
784587,2
784588,2
784589,2
784590,2
784591,2
784592,2
784593,2
784594,2
784595,2
784596,2
784597,2
784598,2
785584,2
785585,2
785586,2
785587,2
785588,2
785589,2
785590,2
785591,2
785592,2
785593,2
785594,2
785595,2
785596,2
785597,2
785598,2
785599,2
785600,2
785601,2
785602,2
785603,2
787841,2
787842,2
787845,2
787847,2
787849,2
787854,2
787855,2
787947,2
787949,2
787952,2
787956,2
787959,2
788102,2
788106,2
788122,2
788124,2
788126,2
788129,2
788130,2
788148,2
788245,2
789250,2
789543,2
789545,2
789546,2
789552,2
789553,2
789554,2
789555,2
789556,2
789558,2
789560,2
789565,2
789566,2
789567,2
789568,2
789571,2
789575,2
789576,2
789577,2
789581,2
789610,2
789611,2
789612,2
789613,2
789614,2
789615,2
789617,2
789618,2
789620,2
789623,2
789624,2
789626,2
789628,2
789629,2
789630,2
789631,2
789632,2
789633,2
789634,2
789635,2
789636,2
789695,2
789696,2
789697,2
791298,2
791299,2
791300,2
791301,2
791302,2
791304,2
791305,2
791306,2
791308,2
791311,2
791313,2
791314,2
791315,2
791317,2
791318,2
791319,2
791320,2
791321,2
791322,2
791323,2
791325,2
791326,2
791327,2
791328,2
791329,2
791330,2
791331,2
791332,2
791333,2
791334,2
791335,2
791336,2
791338,2
791339,2
791340,2
791755,2
791756,2
791757,2
791758,2
791759,2
791760,2
791764,2
791765,2
791766,2
791767,2
791768,2
791769,2
791771,2
791772,2
791773,2
791775,2
791776,2
791777,2
791778,2
794278,2
796936,2
796937,2
796938,2
797544,2
797545,2
797546,2
799736,2
799737,2
800037,2
800038,2
800790,2
800791,2
800792,2
800796,2
811297,2
811299,2
811300,2
811302,2
811303,2
811305,2
811307,2
811311,2
811312,2
811314,2
811316,2
811317,2
811319,2
811320,2
811321,2
811322,2
811324,2
811326,2
811329,2
811331,2
811332,2
811333,2
811340,2
811341,2
811343,2
811345,2
811350,2
811352,2
811356,2
811357,2
811358,2
811360,2
811361,2
811363,2
811365,2
811367,2
811371,2
811372,2
811377,2
811378,2
811379,2
811380,2
811382,2
811383,2
811384,2
811386,2
811389,2
811390,2
811392,2
811393,2
811394,2
811396,2
811397,2
811398,2
811400,2
811401,2
811402,2
811404,2
811405,2
811406,2
811407,2
811408,2
811409,2
811410,2
811411,2
811412,2
811413,2
811416,2
811417,2
811418,2
811420,2
811421,2
811423,2
811424,2
811430,2
811432,2
811433,2
811435,2
811436,2
811437,2
811441,2
811446,2
811448,2
811449,2
811450,2
811451,2
811452,2
811453,2
811454,2
811460,2
811462,2
811463,2
811464,2
811466,2
811469,2
811470,2
811471,2
811473,2
811477,2
811478,2
811479,2
811480,2
811481,2
811486,2
811487,2
811488,2
811490,2
811491,2
811492,2
811493,2
811497,2
811498,2
811500,2
811502,2
811503,2
811504,2
811505,2
811507,2
811509,2
811511,2
811515,2
811517,2
811518,2
811519,2
811520,2
811522,2
811523,2
811524,2
811526,2
811533,2
811535,2
811536,2
811539,2
811540,2
811541,2
811542,2
811543,2
811544,2
811545,2
811546,2
811550,2
811553,2
811555,2
811557,2
811558,2
811559,2
811560,2
811562,2
811565,2
811567,2
811569,2
811570,2
811571,2
811574,2
811575,2
811577,2
811580,2
811581,2
811582,2
811583,2
811584,2
811588,2
811590,2
811591,2
811593,2
811594,2
811595,2
811597,2
811601,2
811602,2
811603,2
811605,2
811606,2
811607,2
811608,2
811609,2
811610,2
811611,2
811612,2
811614,2
811618,2
811619,2
811620,2
811621,2
811622,2
811623,2
811624,2
811627,2
811629,2
811630,2
811631,2
811632,2
811633,2
811634,2
811635,2
811636,2
811641,2
811642,2
811647,2
811648,2
811649,2
811650,2
811652,2
811653,2
811655,2
811656,2
811658,2
811659,2
811661,2
811662,2
811663,2
811666,2
811667,2
811671,2
811672,2
811673,2
811675,2
811677,2
811679,2
811681,2
811683,2
811684,2
811685,2
811686,2
811687,2
811689,2
811691,2
811693,2
811694,2
811699,2
811702,2
811705,2
811708,2
811709,2
811713,2
811715,2
811716,2
811718,2
811722,2
811724,2
811726,2
811727,2
811728,2
811731,2
811732,2
811733,2
811735,2
811737,2
811738,2
811739,2
811742,2
811748,2
811750,2
811751,2
811754,2
811755,2
811756,2
811758,2
811759,2
811760,2
811761,2
811763,2
811767,2
811769,2
811771,2
811772,2
811773,2
811774,2
811775,2
811778,2
811779,2
811782,2
811784,2
811785,2
811786,2
811787,2
811789,2
811793,2
811794,2
811795,2
811797,2
811798,2
811799,2
811800,2
811802,2
811803,2
811804,2
811805,2
811807,2
811809,2
811810,2
811811,2
811814,2
813639,2
813640,2
813641,2
813642,2
813643,2
813644,2
813645,2
813646,2
813647,2
813648,2
813649,2
813650,2
813651,2
813652,2
813653,2
813654,2
813656,2
813658,2
813660,2
813661,2
813662,2
813663,2
813664,2
813665,2
813667,2
813668,2
813669,2
813670,2
813672,2
813673,2
813674,2
813676,2
813677,2
813678,2
813679,2
813681,2
813683,2
813684,2
813685,2
813686,2
813688,2
813689,2
813691,2
813693,2
813697,2
813698,2
813699,2
813700,2
813701,2
813703,2
813704,2
813705,2
813708,2
813712,2
813714,2
813719,2
813721,2
813726,2
813728,2
813731,2
813732,2
813733,2
813734,2
813735,2
813737,2
813742,2
813744,2
813751,2
813754,2
813756,2
813759,2
813761,2
813762,2
813763,2
813764,2
813767,2
813769,2
813775,2
813776,2
813777,2
813778,2
813779,2
813781,2
813782,2
813783,2
813785,2
813786,2
813787,2
813789,2
813792,2
813796,2
813797,2
813800,2
813803,2
813807,2
813808,2
813809,2
813810,2
813812,2
813814,2
813815,2
813816,2
813818,2
813821,2
813823,2
813829,2
813831,2
813832,2
813833,2
813834,2
813838,2
813841,2
813842,2
813844,2
813845,2
813846,2
813847,2
813849,2
813851,2
813853,2
813854,2
813856,2
813857,2
813859,2
813860,2
813861,2
813862,2
813863,2
813865,2
813866,2
813867,2
813872,2
813875,2
813877,2
813878,2
813882,2
813884,2
813888,2
813890,2
813893,2
813894,2
813895,2
813896,2
813897,2
813900,2
813901,2
813902,2
813903,2
813906,2
813907,2
813908,2
813909,2
813910,2
813911,2
813912,2
813913,2
813914,2
813915,2
813916,2
813917,2
813918,2
813919,2
813921,2
813922,2
813923,2
813924,2
813925,2
815561,2
815563,2
815567,2
815568,2
815571,2
815576,2
815577,2
815579,2
815683,2
815684,2
815685,2
815686,2
815688,2
822092,2
822297,2
840623,2
840624,2
840625,2
840629,2
840630,2
840633,2
840635,2
840636,2
840637,2
840638,2
840639,2
840640,2
840642,2
840643,2
840646,2
840647,2
840648,2
840649,2
840650,2
840651,2
840652,2
840653,2
840654,2
840655,2
840656,2
840657,2
840658,2
840659,2
840660,2
840661,2
840662,2
840663,2
840664,2
840666,2
840667,2
840668,2
840669,2
840670,2
840672,2
840673,2
840674,2
840675,2
840676,2
840677,2
840678,2
840679,2
840680,2
840681,2
840683,2
840684,2
840685,2
840686,2
840687,2
840688,2
840689,2
840691,2
840693,2
840694,2
840696,2
840697,2
840698,2
840699,2
840701,2
840702,2
840704,2
840705,2
840706,2
840707,2
840708,2
840709,2
840710,2
840711,2
840713,2
840715,2
840716,2
840717,2
840718,2
840719,2
840720,2
840721,2
840722,2
840723,2
840725,2
840726,2
840727,2
840728,2
840730,2
840731,2
840732,2
840733,2
840734,2
840735,2
840737,2
840738,2
840739,2
840740,2
840741,2
840742,2
840743,2
840745,2
840746,2
840747,2
840748,2
840750,2
840751,2
840752,2
840753,2
840754,2
840755,2
840756,2
840757,2
840758,2
840759,2
840761,2
840762,2
840763,2
840764,2
840765,2
840766,2
840767,2
840769,2
840770,2
840771,2
840772,2
840773,2
840774,2
840775,2
840776,2
840777,2
840778,2
840779,2
840780,2
840781,2
840782,2
840783,2
840784,2
840785,2
840786,2
840787,2
840789,2
840791,2
840792,2
840793,2
840794,2
840795,2
840796,2
840797,2
840801,2
840803,2
840805,2
840806,2
840807,2
840808,2
840809,2
840810,2
840811,2
840812,2
840813,2
840814,2
840815,2
840816,2
840817,2
840818,2
840819,2
840820,2
840821,2
840824,2
840825,2
840826,2
840827,2
840828,2
840829,2
840830,2
840831,2
840832,2
840835,2
840836,2
840837,2
840838,2
840839,2
840840,2
840841,2
840842,2
840845,2
840846,2
840847,2
840848,2
840849,2
840850,2
840852,2
840853,2
840854,2
840856,2
840857,2
840859,2
840860,2
840862,2
840863,2
840864,2
840865,2
840866,2
840867,2
840868,2
840869,2
840871,2
840872,2
840873,2
840874,2
840875,2
845357,2
845359,2
845360,2
845361,2
845362,2
845363,2
845364,2
845365,2
845366,2
845367,2
845369,2
845370,2
845371,2
845372,2
845373,2
845375,2
845376,2
845381,2
845382,2
845383,2
845385,2
845387,2
845390,2
845391,2
845392,2
845393,2
845394,2
845395,2
845396,2
845397,2
845398,2
845400,2
845401,2
845402,2
845403,2
845404,2
845405,2
845407,2
845408,2
845409,2
845410,2
845412,2
845413,2
845415,2
845416,2
845417,2
845418,2
845420,2
845421,2
845423,2
845424,2
845425,2
845426,2
845428,2
845430,2
845431,2
845432,2
845433,2
845434,2
845435,2
845436,2
845437,2
845438,2
845440,2
845441,2
845442,2
845443,2
845444,2
845446,2
845447,2
845448,2
845449,2
845450,2
845451,2
845452,2
845453,2
845454,2
845456,2
845457,2
845458,2
845459,2
845460,2
845461,2
845462,2
845463,2
845464,2
845465,2
845466,2
845468,2
845469,2
845470,2
845471,2
845472,2
845473,2
845474,2
845476,2
845477,2
845478,2
845480,2
851529,2
851967,2
851969,2
851971,2
852206,2
852210,2
852212,2
852532,2
852534,2
852538,2
852717,2
852744,2
852750,2
852875,2
852877,2
853070,2
853071,2
853072,2
853073,2
853074,2
853075,2
853076,2
853077,2
853078,2
853079,2
853080,2
853081,2
853082,2
853083,2
853084,2
853085,2
853086,2
853087,2
853088,2
853089,2
853090,2
853091,2
853092,2
853093,2
853094,2
853095,2
853096,2
853097,2
853098,2
853099,2
853100,2
853101,2
853102,2
853103,2
853104,2
853105,2
853106,2
853107,2
853108,2
853109,2
853110,2
853111,2
853112,2
853113,2
853114,2
853115,2
853116,2
853117,2
853118,2
853119,2
853120,2
853121,2
853122,2
853123,2
853124,2
853125,2
853126,2
853127,2
853128,2
853129,2
853130,2
853131,2
853132,2
853133,2
853134,2
853135,2
853136,2
853137,2
853138,2
853139,2
853140,2
853141,2
853142,2
853143,2
853144,2
853145,2
853146,2
853147,2
853148,2
853149,2
853150,2
853151,2
853152,2
853153,2
853154,2
853155,2
853156,2
853157,2
853158,2
853159,2
853160,2
853161,2
853162,2
853163,2
853164,2
853165,2
853166,2
853167,2
853168,2
853169,2
853170,2
853171,2
853172,2
853173,2
853174,2
853175,2
853176,2
853177,2
853178,2
853179,2
853180,2
853181,2
853182,2
853183,2
853184,2
853185,2
853186,2
853187,2
853188,2
853189,2
853190,2
853191,2
853192,2
853193,2
853194,2
853195,2
853196,2
853197,2
853198,2
853199,2
853200,2
853201,2
853202,2
853203,2
853204,2
853205,2
853206,2
853207,2
853208,2
853209,2
853210,2
853211,2
853212,2
853213,2
853214,2
853215,2
853216,2
853217,2
853218,2
853219,2
853220,2
853221,2
853222,2
853223,2
853224,2
853225,2
853226,2
853227,2
853228,2
853229,2
853230,2
853231,2
853232,2
853233,2
853234,2
853235,2
853236,2
853237,2
853238,2
853239,2
853240,2
853241,2
853242,2
853243,2
853244,2
853245,2
853246,2
853247,2
853248,2
853249,2
853250,2
853251,2
853252,2
853253,2
853254,2
853255,2
853256,2
853257,2
853258,2
853259,2
853260,2
853261,2
853262,2
853263,2
853264,2
853265,2
853266,2
853267,2
853268,2
853269,2
853270,2
853271,2
853272,2
853273,2
853274,2
853275,2
853276,2
853277,2
853278,2
853279,2
853280,2
853281,2
853282,2
853283,2
853284,2
853285,2
853286,2
853287,2
853288,2
853289,2
853290,2
853291,2
853292,2
853293,2
853294,2
853295,2
853296,2
853297,2
853298,2
853299,2
853300,2
853301,2
853302,2
853303,2
853304,2
853305,2
853306,2
853307,2
853308,2
853309,2
853310,2
853311,2
853312,2
853313,2
853314,2
853315,2
853316,2
853317,2
853318,2
853319,2
853320,2
853321,2
853322,2
853323,2
853324,2
853325,2
853326,2
853327,2
853328,2
853329,2
853330,2
853331,2
853332,2
853333,2
853334,2
853335,2
853336,2
853337,2
853338,2
853339,2
853340,2
853341,2
853342,2
853343,2
853344,2
853345,2
853346,2
853347,2
853348,2
853349,2
853350,2
853351,2
853352,2
853353,2
853354,2
853355,2
853356,2
853357,2
853358,2
853359,2
853360,2
853361,2
853362,2
853363,2
853364,2
853365,2
853366,2
853367,2
853368,2
853369,2
853370,2
853371,2
853372,2
853373,2
853374,2
853375,2
853376,2
853377,2
853378,2
853379,2
853380,2
853381,2
853382,2
853383,2
853384,2
853385,2
853386,2
853387,2
853388,2
853389,2
853390,2
853391,2
853392,2
853393,2
853394,2
853395,2
853396,2
853397,2
853398,2
853399,2
853400,2
853401,2
853402,2
853403,2
853404,2
853405,2
853406,2
853407,2
853408,2
853409,2
853410,2
853411,2
853412,2
853413,2
853414,2
853415,2
853416,2
853417,2
853418,2
853419,2
853420,2
853421,2
853422,2
853423,2
853424,2
853425,2
853426,2
853427,2
853428,2
853429,2
853430,2
853431,2
853432,2
853433,2
853434,2
853435,2
853436,2
853437,2
853438,2
853439,2
853440,2
853441,2
853442,2
853443,2
853444,2
853445,2
853446,2
853447,2
853448,2
853449,2
853450,2
853451,2
853452,2
853453,2
853454,2
853455,2
853456,2
853457,2
853458,2
853459,2
853460,2
853461,2
853462,2
853463,2
853464,2
853465,2
853466,2
853467,2
853468,2
853469,2
853470,2
853471,2
853472,2
853473,2
853474,2
853475,2
853476,2
853477,2
853478,2
853479,2
853480,2
853481,2
853482,2
853483,2
853484,2
853485,2
853486,2
853487,2
853488,2
853489,2
853490,2
853491,2
853492,2
853493,2
853494,2
853495,2
853496,2
853497,2
853498,2
853499,2
853500,2
853501,2
853502,2
853503,2
853504,2
853505,2
853506,2
853507,2
853508,2
853509,2
853510,2
853511,2
853512,2
853513,2
853514,2
853515,2
853516,2
853517,2
853518,2
853519,2
853520,2
853521,2
853522,2
853523,2
853524,2
853525,2
853526,2
853527,2
853528,2
853529,2
853530,2
853531,2
853532,2
853533,2
853534,2
853535,2
853536,2
853537,2
853538,2
853539,2
853540,2
853541,2
853542,2
853543,2
853544,2
853545,2
853546,2
853547,2
853548,2
853549,2
853550,2
853551,2
853552,2
853553,2
853554,2
853555,2
853556,2
853557,2
853558,2
853559,2
853560,2
853561,2
853562,2
853563,2
853564,2
853565,2
853566,2
853567,2
853568,2
853569,2
853570,2
853571,2
853572,2
853573,2
853574,2
853575,2
853576,2
853577,2
853578,2
853579,2
853580,2
853581,2
853582,2
853583,2
853584,2
853585,2
853586,2
853587,2
853588,2
853589,2
853590,2
853591,2
853592,2
853593,2
853594,2
853595,2
853596,2
853597,2
853598,2
853599,2
853600,2
853601,2
853602,2
853603,2
853604,2
853605,2
853606,2
853607,2
853608,2
853609,2
853610,2
853611,2
853612,2
853613,2
853614,2
853615,2
853616,2
853617,2
853618,2
853619,2
853620,2
853621,2
853622,2
853623,2
853624,2
853625,2
853626,2
853627,2
853628,2
853629,2
853630,2
853631,2
853632,2
853633,2
853634,2
853635,2
853636,2
853637,2
853638,2
853639,2
853640,2
853641,2
853642,2
853643,2
853644,2
853645,2
853646,2
853647,2
853648,2
853649,2
853650,2
853651,2
853652,2
853653,2
853654,2
853655,2
853656,2
853657,2
853658,2
853659,2
853660,2
853661,2
853662,2
853663,2
853664,2
853665,2
853666,2
853667,2
853668,2
853669,2
853670,2
853671,2
853672,2
853673,2
853674,2
853675,2
853676,2
853677,2
853678,2
853679,2
853680,2
853681,2
853682,2
853683,2
853684,2
853685,2
853686,2
853687,2
853688,2
853689,2
853690,2
853691,2
853692,2
853693,2
853694,2
853695,2
853696,2
853697,2
853698,2
853699,2
853700,2
853701,2
853702,2
853703,2
853704,2
853705,2
853706,2
853707,2
853708,2
853709,2
853710,2
853711,2
853712,2
853713,2
853714,2
853715,2
853716,2
853717,2
853718,2
853719,2
853720,2
853721,2
853722,2
853723,2
853724,2
853725,2
853726,2
853727,2
853728,2
853729,2
853730,2
853731,2
853732,2
853733,2
853734,2
853735,2
853736,2
853737,2
853738,2
853739,2
853740,2
853741,2
853742,2
853743,2
853744,2
853745,2
853746,2
853747,2
853748,2
853749,2
853750,2
853751,2
853752,2
853753,2
853754,2
853755,2
853756,2
853757,2
853758,2
853759,2
853760,2
853761,2
853762,2
853763,2
853764,2
853765,2
853766,2
853767,2
853768,2
853769,2
853770,2
853771,2
853772,2
853773,2
853774,2
853775,2
853776,2
853777,2
853778,2
853779,2
853780,2
853781,2
853782,2
853783,2
853784,2
853785,2
853786,2
853787,2
853788,2
853789,2
853790,2
853791,2
853792,2
853793,2
853794,2
853795,2
853796,2
853797,2
853798,2
853799,2
853800,2
853801,2
853802,2
853803,2
853804,2
853805,2
853806,2
853807,2
853808,2
853809,2
853810,2
853811,2
853812,2
853813,2
853814,2
853815,2
853816,2
853817,2
853818,2
853819,2
853820,2
853821,2
853822,2
853823,2
853824,2
853825,2
853826,2
853827,2
853828,2
853829,2
853830,2
853831,2
853832,2
853833,2
853834,2
853835,2
853836,2
853837,2
853838,2
853839,2
853840,2
853841,2
853842,2
853843,2
853844,2
853845,2
853846,2
853847,2
853848,2
853849,2
853850,2
853851,2
853852,2
853853,2
853854,2
853855,2
853856,2
853857,2
853858,2
853859,2
853860,2
853861,2
853862,2
853863,2
853864,2
853865,2
853866,2
853867,2
853868,2
853869,2
853870,2
853871,2
853872,2
853873,2
853874,2
853875,2
853876,2
853877,2
853878,2
853879,2
853880,2
853881,2
853882,2
853883,2
853884,2
853885,2
853886,2
853887,2
853888,2
853889,2
853890,2
853891,2
853892,2
853893,2
853894,2
853895,2
853896,2
853897,2
853898,2
853899,2
853900,2
853901,2
853902,2
853903,2
853904,2
853905,2
853906,2
853907,2
853908,2
853909,2
853910,2
853911,2
853912,2
853913,2
853914,2
853915,2
853916,2
853917,2
853918,2
853919,2
853920,2
853921,2
853922,2
853923,2
853924,2
853925,2
853926,2
853927,2
853928,2
853929,2
853930,2
853931,2
853932,2
853933,2
853934,2
853935,2
853936,2
853937,2
853938,2
853939,2
853940,2
853941,2
853942,2
853943,2
853944,2
853945,2
853946,2
853947,2
853948,2
853949,2
853950,2
853951,2
853952,2
853953,2
853954,2
853955,2
853956,2
853957,2
853958,2
853959,2
853960,2
853961,2
853962,2
853963,2
853964,2
853965,2
853966,2
853967,2
853968,2
853969,2
853970,2
853971,2
853972,2
853973,2
853974,2
853975,2
853976,2
853977,2
853978,2
853979,2
853980,2
853981,2
853982,2
853983,2
853984,2
853985,2
853986,2
853987,2
853988,2
853989,2
853990,2
853991,2
853992,2
853993,2
853994,2
853995,2
853996,2
853997,2
853998,2
853999,2
854000,2
854001,2
854002,2
854003,2
854004,2
854005,2
854006,2
854007,2
854008,2
854009,2
854010,2
854011,2
854012,2
854013,2
854014,2
854015,2
854016,2
854017,2
854018,2
854019,2
854020,2
854021,2
854022,2
854023,2
854024,2
854025,2
854026,2
854027,2
854028,2
854029,2
854030,2
854031,2
854032,2
854033,2
854034,2
854035,2
854036,2
854037,2
854038,2
854039,2
854040,2
854041,2
854042,2
854043,2
854044,2
854045,2
854046,2
854047,2
854048,2
854049,2
854050,2
854051,2
854052,2
854053,2
854054,2
854055,2
854056,2
854057,2
854058,2
854059,2
854060,2
854061,2
854062,2
854063,2
854064,2
854065,2
854066,2
854067,2
854068,2
854069,2
854070,2
854071,2
854072,2
854073,2
854074,2
854075,2
854076,2
854077,2
854078,2
854079,2
854080,2
854081,2
854082,2
854083,2
854084,2
854085,2
854086,2
854087,2
854088,2
854089,2
854090,2
854091,2
854092,2
854093,2
854094,2
854095,2
854096,2
854097,2
854098,2
854099,2
854100,2
854101,2
854102,2
854103,2
854104,2
854105,2
854106,2
854107,2
854108,2
854109,2
854110,2
854111,2
854112,2
854113,2
854114,2
854115,2
854116,2
854117,2
854118,2
854119,2
854120,2
854121,2
854122,2
854123,2
854124,2
854125,2
854126,2
854127,2
854128,2
854129,2
854130,2
854131,2
854132,2
854133,2
854134,2
854135,2
854136,2
854137,2
854138,2
854139,2
854140,2
854141,2
854142,2
854143,2
854144,2
854145,2
854146,2
854147,2
854148,2
854149,2
854150,2
854151,2
854152,2
854153,2
854154,2
854155,2
854156,2
854157,2
854158,2
854159,2
854160,2
854161,2
854162,2
854163,2
854164,2
854165,2
854166,2
854167,2
854168,2
854169,2
854170,2
854171,2
854172,2
854173,2
854174,2
854175,2
854176,2
854177,2
854178,2
854179,2
854180,2
854181,2
854182,2
854183,2
854184,2
854185,2
854186,2
854187,2
854188,2
854189,2
854190,2
854191,2
854192,2
854193,2
854194,2
854195,2
854196,2
854197,2
854198,2
854199,2
854200,2
854201,2
854202,2
854203,2
854204,2
854205,2
854206,2
854207,2
854208,2
854209,2
854210,2
854211,2
854212,2
854213,2
854214,2
854215,2
854216,2
854217,2
854218,2
854219,2
854220,2
854221,2
854222,2
854223,2
854224,2
854225,2
854226,2
854227,2
854228,2
854229,2
854230,2
854231,2
854232,2
854233,2
854234,2
854235,2
854236,2
854237,2
854238,2
854239,2
854240,2
854241,2
854242,2
854243,2
854244,2
854245,2
854246,2
854247,2
854248,2
854249,2
854250,2
854251,2
854252,2
854253,2
854254,2
854255,2
854256,2
854257,2
854258,2
854259,2
854260,2
854261,2
854262,2
854263,2
854264,2
854265,2
854266,2
854267,2
854268,2
854269,2
854270,2
854271,2
854272,2
854273,2
854274,2
854275,2
854276,2
854277,2
854278,2
854279,2
854280,2
854281,2
854282,2
854283,2
854284,2
854285,2
854286,2
854287,2
854288,2
854289,2
854290,2
854291,2
854292,2
854293,2
854294,2
854295,2
854296,2
854297,2
854298,2
854299,2
854300,2
854301,2
854302,2
854303,2
854304,2
854305,2
854306,2
854307,2
854308,2
854309,2
854310,2
854311,2
854312,2
854313,2
854314,2
854315,2
854316,2
854317,2
854318,2
854319,2
854320,2
854321,2
854322,2
854323,2
854324,2
854325,2
854326,2
854327,2
854328,2
854329,2
854330,2
854331,2
854332,2
854333,2
854334,2
854335,2
854336,2
854337,2
854338,2
854339,2
854340,2
854341,2
854342,2
854343,2
854344,2
854345,2
854346,2
854347,2
854348,2
854349,2
854350,2
854351,2
854352,2
854353,2
854354,2
854355,2
854356,2
854357,2
854358,2
854359,2
854360,2
854361,2
854362,2
854363,2
854364,2
854365,2
854366,2
854367,2
854368,2
854369,2
854370,2
854371,2
854372,2
854373,2
854374,2
854375,2
854376,2
854377,2
854378,2
854379,2
854380,2
854381,2
854382,2
854383,2
854384,2
854385,2
854386,2
854387,2
854388,2
854389,2
854390,2
854391,2
854392,2
854393,2
854394,2
854395,2
854396,2
854397,2
854398,2
854399,2
854400,2
854401,2
854402,2
854403,2
854404,2
854405,2
854406,2
854407,2
854408,2
854409,2
854410,2
854411,2
854412,2
854413,2
854414,2
854415,2
854416,2
854417,2
854418,2
854419,2
854420,2
854421,2
854422,2
854423,2
854424,2
854425,2
854426,2
854427,2
854428,2
854429,2
854430,2
854431,2
854432,2
854433,2
854434,2
854435,2
854436,2
854437,2
854438,2
854439,2
854440,2
854441,2
854442,2
854443,2
854444,2
854445,2
854446,2
854447,2
854448,2
854449,2
854450,2
854451,2
854452,2
854453,2
854454,2
854455,2
854456,2
854457,2
854458,2
854459,2
854460,2
854461,2
854462,2
854463,2
854464,2
854465,2
854466,2
854467,2
854468,2
854469,2
854470,2
854471,2
854472,2
854473,2
854474,2
854475,2
854476,2
854477,2
854478,2
854479,2
854480,2
854481,2
854482,2
854483,2
854484,2
854485,2
854486,2
854487,2
854488,2
854489,2
854490,2
854491,2
854492,2
854493,2
854494,2
854495,2
854496,2
854497,2
854498,2
854499,2
854500,2
854501,2
854502,2
854503,2
854504,2
854505,2
854506,2
854507,2
854508,2
854509,2
854510,2
854511,2
854512,2
854513,2
854514,2
854515,2
854516,2
854517,2
854518,2
854519,2
854520,2
854521,2
854522,2
854523,2
854524,2
854525,2
854526,2
854527,2
854528,2
854529,2
854530,2
854531,2
854532,2
854533,2
854534,2
854535,2
854536,2
854537,2
854538,2
854539,2
854540,2
854541,2
854542,2
854543,2
854544,2
854545,2
854546,2
854547,2
854548,2
854549,2
854550,2
854551,2
854552,2
854553,2
854554,2
854555,2
854556,2
854557,2
854558,2
854559,2
854560,2
854561,2
854562,2
854563,2
854564,2
854565,2
854566,2
854567,2
854568,2
854569,2
854570,2
854571,2
854572,2
854573,2
854574,2
854575,2
854576,2
854577,2
854578,2
854579,2
854580,2
854581,2
854582,2
854583,2
854584,2
854585,2
854586,2
854587,2
854588,2
854589,2
854590,2
854591,2
854592,2
854593,2
854594,2
854595,2
854596,2
854597,2
854598,2
854599,2
854600,2
854601,2
854602,2
854603,2
854604,2
854605,2
854606,2
854607,2
854608,2
854609,2
854610,2
854611,2
854612,2
854613,2
854614,2
854615,2
854616,2
854617,2
854618,2
854619,2
854620,2
854621,2
854622,2
854623,2
854624,2
854625,2
854626,2
854627,2
854628,2
854629,2
854630,2
854631,2
854632,2
854633,2
854634,2
854635,2
854636,2
854637,2
854638,2
854639,2
854640,2
854641,2
854642,2
854643,2
854644,2
854645,2
854646,2
854647,2
854648,2
854649,2
854650,2
854651,2
854652,2
854653,2
854654,2
854655,2
854656,2
854657,2
854658,2
854659,2
854660,2
854661,2
854662,2
854663,2
854664,2
854665,2
854666,2
854667,2
854668,2
854669,2
854670,2
854671,2
854672,2
854673,2
854674,2
854675,2
854676,2
854677,2
854678,2
854679,2
854680,2
854681,2
854682,2
854683,2
854684,2
854685,2
854686,2
854687,2
854688,2
854689,2
854690,2
854691,2
854692,2
854693,2
854694,2
854695,2
854696,2
854697,2
854698,2
854699,2
854700,2
854701,2
854702,2
854703,2
854704,2
854705,2
854706,2
854707,2
854708,2
854709,2
854710,2
854711,2
854712,2
854713,2
854714,2
854715,2
854716,2
854717,2
854718,2
854719,2
854720,2
854721,2
854722,2
854723,2
854724,2
854725,2
854726,2
854727,2
854728,2
854729,2
854730,2
854731,2
854732,2
854733,2
854734,2
854735,2
854736,2
854737,2
854738,2
854739,2
854740,2
854741,2
854742,2
854743,2
854744,2
854745,2
854746,2
854747,2
854748,2
854749,2
854750,2
854751,2
854752,2
854753,2
854754,2
854755,2
854756,2
854757,2
854758,2
854759,2
854760,2
854761,2
854762,2
854763,2
854764,2
854765,2
854766,2
854767,2
854768,2
854769,2
854770,2
854771,2
854772,2
854773,2
854774,2
854775,2
854776,2
854777,2
854778,2
854779,2
854780,2
854781,2
854782,2
854783,2
854784,2
854785,2
854786,2
854787,2
854788,2
854789,2
854790,2
854791,2
854792,2
854793,2
854794,2
854795,2
854796,2
854797,2
854798,2
854799,2
854800,2
854801,2
854802,2
854803,2
854804,2
854805,2
854806,2
854807,2
854808,2
854809,2
854810,2
854811,2
854812,2
854813,2
854814,2
854815,2
854816,2
854817,2
854818,2
854819,2
854820,2
854821,2
854822,2
854823,2
854824,2
854825,2
854826,2
854827,2
854828,2
854829,2
854830,2
854831,2
854832,2
854833,2
854834,2
854835,2
854836,2
854837,2
854838,2
854839,2
854840,2
854841,2
854842,2
854843,2
854844,2
854845,2
854846,2
854847,2
854848,2
854849,2
854850,2
854851,2
854852,2
854853,2
854854,2
854855,2
854856,2
854857,2
854858,2
854859,2
854860,2
854861,2
854862,2
854863,2
854864,2
854865,2
854866,2
854867,2
854868,2
854869,2
854870,2
854871,2
854872,2
854873,2
854874,2
854875,2
854876,2
854877,2
854878,2
854879,2
854880,2
854881,2
854882,2
854883,2
854884,2
854885,2
854886,2
854887,2
854888,2
854889,2
854890,2
854891,2
854892,2
854893,2
854894,2
854895,2
854896,2
854897,2
854898,2
854899,2
854900,2
854901,2
854902,2
854903,2
854904,2
854905,2
854906,2
854907,2
854908,2
854909,2
854910,2
854911,2
854912,2
854913,2
854914,2
854915,2
854916,2
854917,2
854918,2
854919,2
854920,2
854921,2
854922,2
854923,2
854924,2
854925,2
854926,2
854927,2
854928,2
854929,2
854930,2
854931,2
854932,2
854933,2
854934,2
854935,2
854936,2
854937,2
854938,2
854939,2
854940,2
854941,2
854942,2
854943,2
854944,2
854945,2
854946,2
854947,2
854948,2
854949,2
854950,2
854951,2
854952,2
854953,2
854954,2
854955,2
854956,2
854957,2
854958,2
854959,2
854960,2
854961,2
854962,2
854963,2
854964,2
854965,2
854966,2
854967,2
854968,2
854969,2
854970,2
854971,2
854972,2
854973,2
854974,2
854975,2
854976,2
854977,2
854978,2
854979,2
854980,2
854981,2
854982,2
854983,2
854984,2
854985,2
854986,2
854987,2
854988,2
854989,2
854990,2
854991,2
854992,2
854993,2
854994,2
854995,2
854996,2
854997,2
854998,2
854999,2
855000,2
855001,2
855002,2
855003,2
855004,2
855005,2
855006,2
855007,2
855008,2
855009,2
855010,2
855011,2
855012,2
855013,2
855014,2
855015,2
855016,2
855017,2
855018,2
855019,2
855020,2
855021,2
855022,2
855023,2
855024,2
855025,2
855026,2
855027,2
855028,2
855029,2
855030,2
855031,2
855032,2
855033,2
855034,2
855035,2
855036,2
855037,2
855038,2
855039,2
855040,2
855041,2
855042,2
855043,2
855044,2
855045,2
855046,2
855047,2
855048,2
855049,2
855050,2
855051,2
855052,2
855053,2
855054,2
855055,2
855056,2
855057,2
855058,2
855059,2
855060,2
855061,2
855062,2
855063,2
855064,2
855065,2
855066,2
855067,2
855068,2
855069,2
855070,2
855071,2
855072,2
855121,2
855122,2
855123,2
855124,2
855125,2
855126,2
855127,2
855128,2
855129,2
855130,2
855131,2
855132,2
855133,2
855134,2
855135,2
855136,2
855137,2
855138,2
855139,2
855140,2
855141,2
855142,2
855143,2
855144,2
855145,2
855146,2
855147,2
855148,2
855149,2
855150,2
855151,2
855152,2
855153,2
855154,2
855155,2
855156,2
855157,2
855158,2
855159,2
855160,2
855161,2
855162,2
855163,2
855164,2
855165,2
855166,2
855167,2
855168,2
855169,2
855170,2
855171,2
855172,2
855173,2
855174,2
855175,2
855176,2
855177,2
855178,2
855179,2
855180,2
855181,2
855182,2
855183,2
855184,2
855185,2
855186,2
855187,2
855188,2
855189,2
855190,2
855191,2
855192,2
855193,2
855194,2
855195,2
855196,2
855197,2
855198,2
855199,2
855200,2
855201,2
855202,2
855203,2
855204,2
855205,2
855206,2
855207,2
855208,2
855209,2
855210,2
855211,2
855212,2
855213,2
855214,2
855215,2
855216,2
855217,2
855218,2
855219,2
855220,2
855221,2
855222,2
855223,2
855224,2
855225,2
855226,2
855227,2
855228,2
855229,2
855230,2
855231,2
855232,2
855233,2
855234,2
855235,2
855236,2
855237,2
855238,2
855239,2
855240,2
855241,2
855242,2
855243,2
855244,2
855245,2
855246,2
855247,2
855248,2
855249,2
855250,2
855251,2
855252,2
855253,2
855254,2
855255,2
855256,2
855257,2
855258,2
855259,2
855260,2
855261,2
855262,2
855263,2
855264,2
855265,2
855266,2
855267,2
855268,2
855269,2
855270,2
855271,2
855272,2
855273,2
855274,2
855275,2
855276,2
855277,2
855278,2
855279,2
855280,2
855281,2
855282,2
855283,2
855284,2
855285,2
855286,2
855287,2
855288,2
855289,2
855290,2
855291,2
855292,2
855293,2
855294,2
855295,2
855296,2
855297,2
855298,2
855299,2
855300,2
855301,2
855302,2
855303,2
855304,2
855305,2
855306,2
855307,2
855308,2
855309,2
855310,2
855311,2
855312,2
855313,2
855314,2
855315,2
855316,2
855317,2
855318,2
855319,2
855320,2
855321,2
855322,2
855323,2
855324,2
855325,2
855326,2
855327,2
855328,2
855329,2
855330,2
855331,2
855332,2
855333,2
855334,2
855335,2
855336,2
855337,2
855338,2
855339,2
855340,2
855341,2
855342,2
855343,2
855344,2
855345,2
855346,2
855347,2
855348,2
855349,2
855350,2
855351,2
855352,2
855353,2
855354,2
855355,2
855356,2
855357,2
855358,2
855359,2
855360,2
855361,2
855362,2
855363,2
855364,2
855365,2
855366,2
855367,2
855368,2
855369,2
855370,2
855371,2
855372,2
855373,2
855374,2
855375,2
855376,2
855377,2
855378,2
855379,2
855380,2
855381,2
855382,2
855383,2
855384,2
855385,2
855386,2
855387,2
855388,2
855389,2
855390,2
855391,2
855392,2
855393,2
855394,2
855395,2
855396,2
855397,2
855398,2
855399,2
855400,2
855401,2
855402,2
855403,2
855404,2
855405,2
855406,2
855407,2
855408,2
855409,2
855410,2
855411,2
855412,2
855413,2
855414,2
855415,2
855416,2
855417,2
855418,2
855419,2
855420,2
855421,2
855422,2
855423,2
855424,2
855425,2
855426,2
855427,2
855428,2
855429,2
855430,2
855431,2
855432,2
855433,2
855434,2
855435,2
855436,2
855437,2
855438,2
855439,2
855440,2
855441,2
855442,2
855443,2
855444,2
855445,2
855446,2
855447,2
855448,2
855449,2
855450,2
855451,2
855452,2
855453,2
855454,2
855455,2
855456,2
855457,2
855458,2
855459,2
855460,2
855461,2
855462,2
855463,2
855464,2
855465,2
855466,2
855467,2
855468,2
855469,2
855470,2
855471,2
855472,2
855473,2
855474,2
855475,2
855476,2
855477,2
855478,2
855479,2
855480,2
855481,2
855482,2
855483,2
855484,2
855485,2
855486,2
855487,2
855488,2
855489,2
855490,2
855491,2
855492,2
855493,2
855494,2
855495,2
855496,2
855497,2
855498,2
855499,2
855500,2
855501,2
855502,2
855503,2
855504,2
855505,2
855506,2
855507,2
855508,2
855509,2
855510,2
855511,2
855512,2
855513,2
855514,2
855515,2
855516,2
855517,2
855518,2
855519,2
855520,2
855521,2
855522,2
855523,2
855524,2
855525,2
855526,2
855527,2
855528,2
855529,2
855530,2
855531,2
855532,2
855533,2
855534,2
855535,2
855536,2
855537,2
855538,2
855539,2
855540,2
855541,2
855542,2
855543,2
855544,2
855545,2
855546,2
855547,2
855548,2
855549,2
855550,2
855551,2
855552,2
855553,2
855554,2
855555,2
855556,2
855557,2
855558,2
855559,2
855560,2
855561,2
855562,2
855563,2
855564,2
855565,2
855566,2
855567,2
855568,2
855569,2
855570,2
855571,2
855572,2
855573,2
855574,2
855575,2
855576,2
855577,2
855578,2
855579,2
855580,2
855581,2
855582,2
855583,2
855584,2
855585,2
855586,2
855587,2
855588,2
855589,2
855590,2
855591,2
855592,2
855593,2
855594,2
855595,2
855596,2
855597,2
855598,2
855599,2
855600,2
855601,2
855602,2
855603,2
855604,2
855605,2
855606,2
855607,2
855608,2
855609,2
855610,2
855611,2
855612,2
855613,2
855614,2
855615,2
855616,2
855617,2
855618,2
855619,2
855620,2
855621,2
855622,2
855623,2
855624,2
855625,2
855626,2
855627,2
855628,2
855629,2
855630,2
855631,2
855632,2
855633,2
855634,2
855635,2
855636,2
855637,2
855638,2
855639,2
855640,2
855641,2
855642,2
855643,2
855644,2
855645,2
855646,2
855647,2
855648,2
855649,2
855650,2
855651,2
855652,2
855653,2
855654,2
855655,2
855656,2
855657,2
855658,2
855659,2
855660,2
855661,2
855662,2
855663,2
855664,2
855665,2
855666,2
855667,2
855668,2
855669,2
855670,2
855671,2
855672,2
855673,2
855674,2
855675,2
855676,2
855677,2
855678,2
855679,2
855680,2
855681,2
855682,2
855683,2
855684,2
855685,2
855686,2
855687,2
855688,2
855689,2
855690,2
855691,2
855692,2
855693,2
855694,2
855695,2
855696,2
855697,2
855698,2
855699,2
855700,2
855701,2
855702,2
855703,2
855704,2
855705,2
855706,2
855707,2
855708,2
855709,2
855710,2
855711,2
855712,2
855713,2
855714,2
855715,2
855716,2
855717,2
855718,2
855719,2
855720,2
855721,2
855722,2
855723,2
855724,2
855725,2
855726,2
855727,2
855728,2
855729,2
855730,2
855731,2
855732,2
855733,2
855734,2
855735,2
855736,2
855737,2
855738,2
855739,2
855740,2
855741,2
855742,2
855743,2
855744,2
855745,2
855746,2
855747,2
855748,2
855749,2
855750,2
855751,2
855752,2
855753,2
855754,2
855755,2
855756,2
855757,2
855758,2
855759,2
855760,2
855761,2
855762,2
855763,2
855764,2
855765,2
855766,2
855767,2
855768,2
855769,2
855770,2
855771,2
855772,2
855773,2
855774,2
855775,2
855776,2
855777,2
855778,2
855779,2
855780,2
855781,2
855782,2
855783,2
855784,2
855785,2
855786,2
855787,2
855788,2
855789,2
855790,2
855791,2
855792,2
855793,2
855794,2
855795,2
855796,2
855797,2
855798,2
855799,2
855800,2
855801,2
855802,2
855803,2
855804,2
855805,2
855806,2
855807,2
855808,2
855809,2
855810,2
855811,2
855812,2
855813,2
855814,2
855815,2
855816,2
855817,2
855818,2
855819,2
855820,2
855821,2
855822,2
855823,2
855824,2
855825,2
855826,2
855827,2
855828,2
855829,2
855830,2
855831,2
855832,2
855833,2
855834,2
855835,2
855836,2
855837,2
855838,2
855839,2
855840,2
855841,2
855842,2
855843,2
855844,2
855845,2
855846,2
855847,2
855848,2
860057,2
860391,2
861538,2
861543,2
861554,2
871070,2
871071,2
871072,2
871073,2
871074,2
871075,2
871076,2
871077,2
872326,2
877636,2
877637,2
877638,2
877639,2
877640,2
877641,2
877642,2
877643,2
877644,2
880525,2
880526,2
905941,2
905942,2
905944,2
905945,2
906026,2
906057,2
906095,2
906103,2
906105,2
912085,2
912086,2
912087,2
912088,2
912091,2
912094,2
912096,2
912100,2
912101,2
912103,2
912107,2
912108,2
912109,2
912110,2
912111,2
912114,2
912115,2
912117,2
912120,2
912123,2
912125,2
912126,2
912127,2
912128,2
912129,2
912130,2
912131,2
912132,2
912133,2
912136,2
912137,2
912140,2
912143,2
912146,2
912147,2
912148,2
912151,2
912152,2
912155,2
912156,2
912159,2
912160,2
912162,2
912163,2
912165,2
912166,2
912167,2
912168,2
912170,2
912171,2
912172,2
912173,2
912179,2
912181,2
912182,2
912183,2
912189,2
912190,2
912196,2
912198,2
912199,2
912202,2
912203,2
912204,2
912207,2
912212,2
912216,2
912219,2
912222,2
912223,2
912225,2
912228,2
912230,2
912233,2
912235,2
912238,2
912239,2
912241,2
912244,2
912245,2
912254,2
912257,2
912258,2
912260,2
912261,2
912266,2
912267,2
912269,2
912272,2
912273,2
912274,2
912277,2
912278,2
912279,2
912280,2
912283,2
912287,2
912292,2
912293,2
912295,2
912296,2
912297,2
912298,2
912300,2
912302,2
912303,2
912308,2
912309,2
912313,2
912314,2
912316,2
912318,2
912320,2
912321,2
912323,2
912324,2
912325,2
912326,2
912331,2
912333,2
912334,2
912338,2
912339,2
912341,2
912344,2
912345,2
912346,2
912347,2
912348,2
912349,2
912350,2
912351,2
912352,2
912353,2
912354,2
912355,2
912356,2
912357,2
912360,2
912362,2
912367,2
912369,2
913857,2
913862,2
913863,2
913866,2
913867,2
913871,2
913872,2
913875,2
913876,2
913878,2
913880,2
913883,2
913884,2
913886,2
913888,2
913889,2
913890,2
913891,2
913892,2
913895,2
913896,2
913899,2
913900,2
913903,2
913904,2
913906,2
913907,2
913909,2
913911,2
913915,2
913918,2
913920,2
913924,2
913927,2
913932,2
913933,2
913934,2
913935,2
913936,2
913937,2
913938,2
913939,2
913940,2
913942,2
913943,2
913946,2
913947,2
913948,2
913949,2
913950,2
913952,2
913953,2
913959,2
913961,2
913962,2
913963,2
913964,2
913965,2
913971,2
913972,2
913973,2
913977,2
913979,2
913981,2
913983,2
913984,2
913987,2
915045,2
915046,2
915056,2
915997,2
916005,2
916192,2
916197,2
916205,2
916211,2
916213,2
916216,2
916276,2
916279,2
916462,2
916469,2
916479,2
916488,2
916489,2
916511,2
916522,2
916733,2
917135,2
917136,2
917138,2
917139,2
917141,2
917142,2
917150,2
917152,2
917160,2
917168,2
917169,2
917247,2
917249,2
917251,2
917253,2
917254,2
917258,2
917261,2
917507,2
917508,2
917511,2
917514,2
917547,2
917548,2
919496,2
926824,2
926826,2
926827,2
926828,2
926829,2
926830,2
926831,2
926832,2
926833,2
926834,2
926837,2
926838,2
926839,2
926840,2
926841,2
926842,2
926843,2
926844,2
926846,2
926847,2
926848,2
926849,2
926851,2
926852,2
926853,2
926854,2
926855,2
926856,2
926857,2
926858,2
926859,2
926860,2
926861,2
926862,2
926863,2
926864,2
926866,2
926868,2
926869,2
926870,2
926871,2
926872,2
926874,2
926875,2
926876,2
926877,2
926878,2
926879,2
926880,2
926881,2
926882,2
926883,2
926884,2
926885,2
926886,2
926888,2
926889,2
926891,2
926893,2
926894,2
926895,2
926896,2
926897,2
926898,2
926900,2
926902,2
926903,2
926905,2
926906,2
926908,2
926910,2
926911,2
928273,2
928274,2
928275,2
928276,2
928277,2
928278,2
928279,2
928280,2
928281,2
928282,2
928283,2
928284,2
928285,2
928286,2
928287,2
928289,2
928290,2
928291,2
928292,2
928293,2
928296,2
928297,2
928298,2
928299,2
928300,2
928301,2
928302,2
928303,2
928305,2
928306,2
928307,2
928309,2
928310,2
928312,2
928313,2
928314,2
928316,2
928317,2
928319,2
928321,2
928322,2
928324,2
928325,2
928326,2
928327,2
936365,2
936366,2
936367,2
936368,2
936370,2
936371,2
936372,2
936373,2
936374,2
936375,2
936376,2
936377,2
936378,2
936379,2
936380,2
936381,2
936382,2
936383,2
936384,2
936385,2
936386,2
936387,2
936388,2
936389,2
936390,2
936391,2
936392,2
936394,2
936395,2
936396,2
936397,2
936398,2
936399,2
936400,2
936401,2
936404,2
936405,2
936406,2
936407,2
936408,2
936409,2
936410,2
936411,2
936412,2
936413,2
936415,2
936416,2
936417,2
936418,2
936420,2
936421,2
936423,2
936424,2
936426,2
936428,2
936429,2
936430,2
936432,2
936433,2
936435,2
936436,2
936437,2
936438,2
936439,2
936441,2
936442,2
936443,2
937942,2
937943,2
937944,2
937945,2
937946,2
937947,2
937948,2
937949,2
937951,2
937952,2
937953,2
937956,2
937957,2
937959,2
937960,2
937962,2
937964,2
937965,2
937966,2
937967,2
937968,2
937969,2
937972,2
937973,2
937975,2
937977,2
940278,2
940279,2
940281,2
940282,2
940283,2
940285,2
940414,2
940415,2
941048,2
941049,2
941050,2
941051,2
941182,2
948287,2
948288,2
948289,2
948290,2
948291,2
948292,2
948293,2
948294,2
948296,2
948297,2
948298,2
948299,2
948300,2
948301,2
948302,2
948303,2
948304,2
948305,2
948306,2
948308,2
948309,2
948311,2
948312,2
948313,2
948314,2
948315,2
948316,2
948318,2
948319,2
948320,2
948321,2
948322,2
948323,2
948324,2
948325,2
948327,2
948328,2
948330,2
948331,2
948332,2
948333,2
948334,2
948336,2
948337,2
948338,2
948340,2
948342,2
948343,2
948345,2
948346,2
948347,2
948348,2
948349,2
948350,2
948351,2
948352,2
948354,2
948355,2
948356,2
948357,2
948359,2
948360,2
948361,2
948362,2
948363,2
948364,2
948365,2
948366,2
948367,2
948368,2
948369,2
949925,2
949926,2
949927,2
949928,2
949929,2
949930,2
949931,2
949933,2
949934,2
949935,2
949936,2
949937,2
949938,2
949939,2
949940,2
949941,2
949942,2
949944,2
949945,2
949946,2
949947,2
949948,2
949949,2
949950,2
949952,2
949954,2
949955,2
949956,2
949957,2
949959,2
949960,2
949961,2
949962,2
949963,2
949964,2
949965,2
957049,2
957051,2
957053,2
957055,2
957056,2
957059,2
957063,2
957064,2
957066,2
957067,2
957068,2
957069,2
957070,2
957071,2
957072,2
957073,2
957074,2
957075,2
957076,2
957077,2
957078,2
957079,2
957080,2
957081,2
957082,2
957083,2
957085,2
957088,2
957089,2
957091,2
957095,2
957096,2
957097,2
957102,2
958116,2
958117,2
958118,2
958119,2
958122,2
958123,2
958124,2
958125,2
958127,2
958128,2
958130,2
958131,2
958132,2
958134,2
958136,2
958140,2
960219,2
960221,2
960797,2
960887,2
963289,2
964678,2
965615,2
966853,2
967199,2
969187,2
972589,2
974563,2
974939,2
975378,2
975475,2
975814,2
975815,2
975816,2
975818,2
975836,2
976380,2
976381,2
980717,2
981100,2
981102,2
981103,2
981104,2
981105,2
981108,2
981109,2
981110,2
981112,2
981113,2
981114,2
981119,2
981120,2
981121,2
981122,2
981123,2
981124,2
981127,2
981128,2
981131,2
981161,2
981163,2
981164,2
981167,2
981170,2
981173,2
981174,2
981175,2
981176,2
981833,2
983646,2
983647,2
983648,2
983649,2
983650,2
983651,2
983980,2
985307,2
986039,2
986040,2
995507,2
995508,2
995509,2
995510,2
995511,2
995512,2
995513,2
995514,2
995515,2
995516,2
995517,2
995518,2
995519,2
995520,2
995521,2
995522,2
995523,2
995524,2
995525,2
995526,2
995527,2
995528,2
995529,2
995530,2
995531,2
995532,2
995533,2
995534,2
995535,2
995536,2
995538,2
995539,2
995540,2
995541,2
995542,2
995543,2
995544,2
995545,2
995547,2
995548,2
995549,2
995550,2
995551,2
995552,2
995554,2
995555,2
995556,2
995557,2
995558,2
995559,2
995560,2
995561,2
995562,2
995563,2
995564,2
995565,2
995566,2
995567,2
995568,2
995569,2
995570,2
995571,2
995572,2
995573,2
995574,2
995575,2
995576,2
995577,2
995578,2
995579,2
995580,2
995581,2
995582,2
995583,2
995584,2
995585,2
995586,2
995587,2
995588,2
995589,2
997559,2
997560,2
997561,2
997562,2
997563,2
997564,2
997565,2
997566,2
997567,2
997568,2
997569,2
997570,2
997571,2
997572,2
997573,2
997574,2
997575,2
997576,2
997577,2
997578,2
997579,2
997580,2
997581,2
997582,2
997583,2
997584,2
997585,2
997586,2
997587,2
997588,2
997589,2
997590,2
997591,2
997592,2
997593,2
997594,2
999959,2
1010764,2
1010765,2
1010767,2
1010768,2
1010769,2
1010770,2
1010771,2
1010772,2
1010773,2
1010774,2
1010775,2
1010776,2
1010777,2
1010778,2
1010779,2
1010780,2
1010781,2
1010782,2
1010783,2
1010784,2
1010785,2
1010786,2
1010787,2
1010788,2
1010789,2
1010790,2
1010791,2
1010792,2
1010793,2
1010795,2
1010796,2
1010797,2
1010798,2
1010799,2
1010800,2
1010801,2
1010802,2
1010803,2
1010804,2
1010806,2
1010807,2
1010808,2
1010809,2
1010811,2
1010812,2
1010813,2
1010814,2
1010815,2
1010816,2
1010817,2
1010818,2
1010819,2
1010820,2
1010821,2
1010822,2
1010824,2
1010825,2
1010826,2
1010827,2
1010828,2
1010829,2
1010830,2
1010831,2
1010832,2
1010833,2
1010834,2
1010835,2
1010836,2
1010838,2
1010839,2
1010840,2
1010841,2
1010842,2
1010844,2
1010845,2
1010846,2
1010847,2
1010848,2
1010849,2
1010850,2
1010851,2
1010852,2
1010853,2
1010854,2
1010855,2
1010856,2
1010857,2
1010858,2
1012762,2
1012763,2
1012764,2
1012765,2
1012766,2
1012767,2
1012768,2
1012769,2
1012770,2
1012771,2
1012772,2
1012773,2
1012774,2
1012776,2
1012777,2
1012778,2
1012779,2
1012781,2
1012782,2
1012783,2
1012784,2
1012785,2
1012786,2
1012787,2
1012788,2
1012789,2
1012791,2
1015377,2
1031258,2
1031259,2
1031260,2
1031261,2
1031262,2
1031263,2
1031264,2
1031265,2
1031266,2
1031267,2
1031269,2
1031270,2
1031271,2
1031272,2
1031273,2
1031274,2
1031275,2
1031276,2
1031277,2
1031278,2
1031279,2
1031280,2
1031281,2
1031282,2
1031283,2
1031284,2
1031285,2
1031286,2
1031287,2
1031288,2
1031289,2
1031290,2
1031292,2
1031293,2
1031294,2
1031295,2
1031296,2
1031297,2
1031298,2
1031299,2
1031300,2
1031301,2
1031302,2
1031304,2
1031305,2
1031306,2
1031307,2
1031309,2
1031310,2
1031311,2
1031313,2
1031314,2
1031315,2
1031316,2
1031317,2
1031318,2
1031319,2
1031320,2
1031321,2
1031322,2
1031323,2
1031324,2
1031325,2
1031326,2
1031327,2
1031328,2
1031329,2
1031331,2
1031332,2
1031333,2
1031334,2
1031335,2
1031336,2
1031337,2
1031338,2
1031339,2
1031340,2
1031341,2
1031342,2
1031343,2
1031345,2
1031346,2
1031347,2
1031349,2
1031350,2
1031351,2
1031352,2
1031353,2
1031354,2
1031355,2
1031356,2
1031357,2
1031358,2
1031359,2
1031360,2
1031361,2
1031362,2
1031363,2
1031364,2
1033303,2
1033304,2
1033305,2
1033307,2
1033308,2
1033310,2
1033311,2
1033313,2
1033314,2
1033315,2
1033316,2
1033317,2
1033318,2
1033319,2
1033320,2
1033321,2
1033322,2
1033323,2
1033324,2
1033325,2
1033326,2
1033327,2
1033328,2
1033329,2
1033330,2
1033331,2
1033332,2
1033333,2
1033334,2
1038204,2
1038206,2
1038210,2
1038211,2
1038213,2
1038215,2
1038218,2
1038220,2
1038222,2
1038223,2
1038224,2
1038227,2
1038228,2
1038230,2
1038231,2
1038233,2
1038234,2
1038235,2
1038236,2
1038244,2
1038246,2
1038248,2
1038251,2
1038252,2
1038256,2
1038257,2
1038553,2
1038555,2
1038560,2
1038561,2
1038564,2
1038565,2
1038568,2
1038570,2
1038571,2
1038580,2
1038582,2
1038947,2
1038949,2
1048248,2
1048249,2
1048250,2
1048251,2
1048253,2
1048254,2
1048255,2
1048256,2
1048257,2
1048258,2
1048259,2
1048260,2
1048261,2
1048262,2
1048264,2
1048265,2
1048266,2
1048267,2
1048268,2
1048269,2
1048270,2
1048271,2
1048272,2
1048273,2
1048274,2
1048275,2
1048276,2
1048277,2
1048278,2
1048279,2
1048281,2
1048282,2
1048283,2
1048284,2
1048285,2
1048286,2
1048287,2
1048288,2
1048289,2
1048290,2
1048291,2
1048292,2
1048293,2
1048294,2
1048295,2
1048296,2
1048297,2
1048298,2
1048299,2
1048300,2
1048301,2
1048302,2
1048303,2
1048304,2
1048305,2
1048306,2
1048307,2
1048308,2
1048309,2
1048310,2
1048311,2
1048312,2
1048314,2
1048315,2
1048316,2
1048319,2
1048321,2
1048322,2
1048323,2
1048324,2
1050280,2
1050281,2
1050282,2
1050283,2
1050285,2
1050287,2
1050288,2
1050289,2
1050290,2
1050291,2
1050292,2
1050294,2
1050295,2
1050296,2
1050297,2
1050298,2
1050299,2
1050300,2
1050301,2
1050302,2
1050303,2
1050304,2
1050305,2
1050306,2
1050307,2
1050308,2
1050309,2
1050310,2
1050311,2
1050312,2
1050313,2
1050314,2
1050315,2
1050316,2
1050317,2
1050318,2
1050319,2
1050320,2
1050322,2
1050323,2
1050324,2
1050325,2
1056152,2
1062829,2
1062833,2
1062838,2
1062839,2
1062841,2
1062854,2
1062856,2
1062857,2
1062862,2
1062867,2
1062876,2
1062880,2
1062887,2
1062898,2
1062899,2
1062905,2
1062910,2
1062917,2
1062920,2
1062943,2
1062945,2
1062946,2
1062947,2
1062949,2
1062950,2
1062954,2
1062971,2
1064192,2
1064204,2
1064211,2
1064229,2
1079993,2
1079994,2
1079995,2
1079996,2
1079997,2
1079998,2
1079999,2
1080000,2
1080001,2
1080002,2
1080003,2
1080005,2
1080006,2
1080007,2
1080008,2
1080009,2
1080010,2
1080011,2
1080012,2
1080013,2
1080014,2
1080015,2
1080016,2
1080017,2
1080018,2
1080019,2
1080020,2
1080021,2
1080022,2
1080023,2
1080024,2
1080025,2
1080026,2
1080027,2
1080028,2
1080029,2
1080030,2
1080031,2
1080032,2
1080033,2
1080034,2
1080035,2
1080036,2
1080037,2
1080038,2
1080039,2
1080040,2
1080041,2
1080042,2
1080043,2
1080044,2
1080045,2
1080046,2
1080047,2
1080048,2
1080049,2
1080050,2
1080051,2
1080052,2
1080053,2
1080054,2
1080055,2
1080056,2
1080058,2
1080060,2
1080061,2
1080062,2
1080063,2
1080064,2
1080065,2
1080067,2
1080068,2
1080069,2
1080070,2
1080071,2
1080074,2
1083080,2
1083081,2
1083082,2
1083083,2
1083084,2
1083086,2
1083087,2
1083088,2
1083089,2
1083090,2
1083092,2
1083093,2
1083094,2
1083095,2
1083096,2
1083097,2
1083098,2
1083099,2
1083100,2
1083101,2
1083102,2
1083103,2
1083104,2
1083105,2
1083106,2
1083107,2
1083108,2
1083109,2
1083110,2
1083111,2
1083112,2
1083113,2
1083114,2
1083115,2
1083116,2
1083117,2
1083118,2
1083119,2
1083120,2
1083122,2
1083123,2
1083124,2
1087554,2
1101786,2
1101787,2
1101788,2
1101789,2
1101791,2
1101792,2
1101793,2
1101795,2
1101797,2
1101798,2
1101799,2
1101801,2
1101802,2
1101803,2
1101804,2
1101805,2
1101806,2
1101807,2
1101808,2
1101809,2
1101810,2
1101811,2
1101812,2
1101813,2
1101814,2
1101815,2
1101816,2
1101817,2
1101818,2
1101819,2
1101820,2
1101821,2
1101822,2
1101823,2
1101824,2
1101825,2
1101826,2
1101827,2
1101828,2
1101829,2
1101830,2
1101831,2
1101832,2
1101833,2
1101834,2
1101835,2
1101837,2
1101838,2
1101839,2
1101840,2
1101841,2
1101843,2
1101844,2
1101845,2
1101846,2
1101847,2
1101848,2
1101849,2
1101850,2
1101851,2
1101852,2
1101853,2
1101854,2
1101855,2
1101856,2
1101857,2
1101858,2
1101859,2
1101860,2
1101861,2
1101862,2
1101863,2
1101865,2
1104863,2
1104864,2
1104865,2
1104866,2
1104867,2
1104868,2
1104869,2
1104870,2
1104873,2
1104874,2
1104875,2
1104876,2
1104877,2
1104878,2
1104879,2
1104880,2
1104881,2
1104882,2
1104883,2
1104884,2
1104885,2
1104886,2
1104887,2
1104888,2
1104889,2
1104890,2
1104891,2
1104892,2
1104893,2
1104894,2
1104895,2
1104896,2
1104897,2
1104898,2
1104899,2
1104900,2
1104901,2
1104902,2
1104903,2
1123256,2
1123258,2
1123259,2
1123261,2
1123262,2
1123263,2
1123264,2
1123265,2
1123266,2
1123267,2
1123268,2
1123269,2
1123271,2
1123272,2
1123273,2
1123274,2
1123276,2
1123277,2
1123278,2
1123279,2
1123280,2
1123281,2
1123282,2
1123283,2
1123284,2
1123285,2
1123286,2
1123287,2
1123288,2
1123289,2
1123290,2
1123291,2
1123292,2
1123293,2
1123294,2
1123295,2
1123296,2
1123297,2
1123298,2
1123299,2
1123300,2
1123302,2
1123303,2
1123304,2
1123305,2
1123306,2
1123307,2
1123308,2
1123309,2
1123310,2
1123311,2
1123312,2
1123313,2
1123314,2
1123315,2
1123316,2
1123317,2
1123318,2
1123319,2
1123320,2
1123321,2
1123322,2
1126262,2
1126263,2
1126264,2
1126265,2
1126266,2
1126267,2
1126268,2
1126269,2
1126270,2
1126271,2
1126272,2
1126273,2
1126274,2
1126275,2
1126276,2
1126277,2
1126278,2
1126279,2
1126280,2
1126281,2
1126282,2
1126283,2
1126284,2
1126285,2
1126286,2
1126287,2
1126288,2
1126289,2
1126290,2
1126291,2
1126292,2
1126293,2
1126294,2
1126295,2
1126296,2
1126297,2
1126298,2
1126299,2
1126300,2
1126301,2
1126302,2
1126303,2
1126304,2
1126307,2
1126308,2
1126309,2
1144102,2
1144103,2
1144104,2
1144105,2
1144106,2
1144107,2
1144108,2
1144109,2
1144110,2
1144111,2
1144112,2
1144113,2
1144114,2
1144115,2
1144116,2
1144117,2
1144118,2
1144119,2
1144120,2
1144121,2
1144122,2
1144123,2
1144124,2
1144125,2
1144126,2
1144127,2
1144128,2
1144129,2
1144130,2
1144131,2
1144132,2
1144133,2
1144134,2
1144135,2
1144136,2
1144137,2
1144138,2
1144139,2
1144140,2
1144141,2
1144142,2
1144143,2
1144144,2
1144145,2
1144146,2
1144147,2
1144148,2
1144149,2
1144150,2
1144151,2
1144152,2
1144153,2
1144154,2
1144155,2
1144156,2
1144157,2
1144158,2
1144159,2
1144161,2
1144162,2
1144163,2
1144164,2
1144165,2
1144166,2
1144167,2
1144172,2
1144173,2
1144174,2
1144175,2
1144176,2
1144177,2
1144178,2
1144179,2
1144180,2
1144181,2
1144182,2
1144183,2
1144184,2
1144185,2
1144186,2
1144187,2
1144188,2
1144189,2
1144190,2
1144191,2
1144192,2
1144193,2
1144194,2
1144195,2
1147183,2
1147184,2
1147186,2
1147187,2
1147188,2
1147189,2
1147190,2
1147191,2
1147192,2
1147193,2
1147194,2
1147195,2
1147196,2
1147197,2
1147198,2
1147199,2
1147200,2
1147201,2
1147202,2
1147203,2
1147204,2
1147205,2
1147206,2
1147207,2
1147208,2
1147209,2
1147210,2
1147211,2
1157132,2
1157133,2
1157134,2
1157136,2
1157986,2
1160992,2
1160998,2
1160999,2
1161012,2
1161017,2
1161019,2
1161023,2
1161028,2
1161030,2
1161031,2
1161032,2
1161036,2
1161038,2
1161039,2
1161041,2
1161042,2
1161351,2
1161356,2
1161357,2
1161362,2
1161363,2
1161365,2
1161371,2
1162070,2
1163961,2
1164508,2
1166583,2
1181114,2
1181521,2
1182257,2
1184822,2
1185875,2
1188542,2
1188543,2
1194770,2
1195200,2
1198478,2
1202482,2
1203390,2
1203630,2
1204390,2
1207228,2
1230138,2
1230142,2
1230143,2
1230148,2
1230149,2
1230151,2
1230155,2
1230172,2
1230173,2
1230178,2
1230181,2
1230183,2
1230186,2
1230189,2
1230191,2
1230194,2
1230198,2
1230200,2
1230201,2
1230203,2
1230205,2
1230206,2
1230212,2
1230215,2
1230216,2
1230219,2
1230223,2
1230224,2
1245711,2
1245714,2
1245727,2
1245730,2
1245732,2
1245735,2
1245741,2
1245745,2
1245753,2
1245754,2
1265718,2
1275298,2
1288569,2
1290025,2
1291532,2
1291673,2
1291675,2
1293289,2
1296796,2
1301363,2
1302140,2
1305775,2
1305780,2
1305781,2
1305854,2
1305979,2
1307154,2
1307159,2
1307765,2
1309826,2
1310049,2
1310057,2
1310748,2
1311109,2
1311241,2
1311323,2
1311671,2
1311716,2
1315899,2
1315900,2
1315901,2
1315902,2
1315903,2
1315904,2
1315906,2
1315907,2
1315908,2
1315911,2
1315913,2
1315914,2
1315915,2
1315917,2
1315919,2
1315920,2
1315921,2
1315922,2
1315924,2
1315925,2
1315926,2
1315927,2
1315928,2
1315930,2
1315932,2
1315933,2
1315934,2
1315935,2
1315936,2
1315937,2
1315938,2
1315939,2
1315940,2
1315941,2
1315942,2
1315943,2
1315945,2
1315946,2
1315948,2
1315949,2
1315950,2
1315952,2
1315953,2
1315954,2
1315955,2
1317661,2
1317662,2
1317663,2
1317664,2
1318632,2
1319261,2
1319733,2
1319761,2
1319762,2
1320688,2
1320702,2
1320710,2
1320712,2
1320714,2
1320715,2
1320727,2
1320733,2
1320753,2
1320770,2
1320771,2
1320781,2
1320785,2
1320795,2
1320802,2
1320807,2
1321583,2
1321892,2
1322111,2
1322117,2
1322493,2
1322523,2
1322586,2
1322624,2
1322642,2
1322698,2
1322701,2
1322815,2
1322859,2
1322883,2
1322927,2
1323016,2
1323072,2
1323341,2
1323518,2
1327904,2
1328163,2
1328400,2
1330887,2
1335317,2
1335332,2
1336852,2
1336853,2
1336855,2
1337125,2
1337154,2
1337169,2
1337219,2
1337911,2
1337914,2
1338134,2
1338157,2
1338280,2
1338586,2
1339191,2
1339251,2
1339396,2
1339742,2
1339892,2
1339994,2
1340302,2
1340793,2
1341907,2
1341955,2
1341961,2
1342141,2
1342251,2
1342460,2
1342468,2
1342623,2
1342637,2
1343073,2
1343244,2
1343465,2
1343588,2
1344108,2
1344354,2
1345159,2
1345334,2
1345507,2
1345544,2
1346214,2
1346409,2
1346599,2
1346726,2
1347243,2
1347735,2
1347807,2
1348056,2
1348064,2
1348142,2
1348355,2
1348358,2
1348403,2
1350150,2
1350369,2
1350744,2
1350767,2
1350837,2
1350929,2
1351104,2
1351481,2
1351894,2
1351907,2
1352198,2
1352356,2
1352557,2
1352784,2
1352893,2
1352981,2
1353255,2
1353268,2
1353754,2
1353957,2
1354251,2
1354574,2
1354688,2
1354784,2
1355146,2
1355561,2
1355593,2
1355644,2
1355818,2
1356026,2
1356042,2
1356127,2
1356149,2
1356216,2
1356283,2
1356302,2
1357282,2
1357387,2
1357889,2
1357909,2
1358028,2
1358315,2
1358385,2
1358515,2
1358681,2
1358876,2
1358976,2
1359023,2
1359053,2
1359184,2
1359265,2
1359999,2
1360337,2
1360352,2
1360485,2
1360829,2
1360932,2
1362314,2
1362709,2
1362717,2
1362722,2
1362780,2
1362782,2
1363725,2
1363814,2
1364173,2
1364293,2
1364455,2
1364467,2
1364770,2
1365283,2
1365396,2
1365589,2
1365967,2
1366317,2
1366356,2
1366480,2
1366751,2
1366761,2
1366781,2
1366806,2
1367210,2
1367342,2
1367644,2
1367880,2
1367953,2
1368649,2
1368725,2
1368781,2
1368785,2
1369288,2
1370033,2
1370770,2
1371440,2
1371677,2
1371756,2
1371960,2
1372082,2
1372083,2
1372232,2
1372424,2
1372442,2
1372443,2
1372780,2
1372822,2
1372933,2
1373200,2
1373237,2
1373375,2
1373497,2
1373849,2
1374129,2
1374217,2
1374335,2
1375116,2
1375147,2
1375919,2
1375972,2
1376067,2
1376338,2
1376354,2
1376629,2
1376913,2
1377320,2
1377461,2
1377686,2
1377783,2
1377786,2
1377872,2
1378015,2
1378095,2
1378285,2
1378341,2
1378361,2
1378560,2
1378571,2
1378943,2
1379362,2
1379391,2
1379692,2
1380719,2
1380957,2
1381703,2
1381878,2
1381935,2
1382076,2
1382092,2
1382209,2
1382474,2
1382794,2
1383516,2
1383812,2
1384660,2
1384688,2
1385337,2
1385348,2
1385385,2
1385549,2
1385875,2
1385911,2
1386134,2
1386236,2
1386717,2
1386848,2
1387047,2
1387220,2
1387272,2
1387354,2
1387788,2
1387828,2
1388275,2
1388364,2
1388746,2
1388940,2
1389101,2
1389245,2
1389461,2
1390039,2
1390458,2
1390546,2
1390678,2
1390828,2
1390913,2
1391170,2
1391194,2
1391528,2
1392202,2
1392356,2
1392393,2
1392579,2
1392589,2
1392613,2
1392931,2
1393277,2
1393775,2
1393804,2
1394321,2
1394371,2
1394920,2
1395094,2
1395755,2
1396182,2
1396188,2
1396533,2
1396540,2
1396824,2
1397782,2
1397849,2
1398255,2
1398503,2
1398512,2
1398628,2
1398676,2
1398916,2
1399253,2
1399570,2
1399730,2
1400069,2
1400197,2
1400582,2
1400881,2
1400991,2
1401034,2
1401052,2
1401129,2
1401543,2
1401549,2
1401699,2
1402238,2
1402425,2
1402641,2
1402810,2
1403330,2
1403784,2
1404038,2
1404190,2
1404273,2
1404430,2
1404719,2
1404732,2
1404842,2
1404978,2
1405380,2
1405381,2
1405447,2
1405689,2
1405874,2
1405889,2
1406669,2
1406754,2
1407074,2
1407103,2
1407237,2
1407242,2
1407354,2
1407417,2
1407423,2
1407549,2
1407852,2
1407901,2
1408051,2
1408125,2
1408318,2
1408604,2
1408705,2
1408857,2
1409020,2
1409102,2
1409127,2
1409400,2
1409498,2
1410361,2
1410582,2
1410769,2
1410786,2
1411255,2
1411260,2
1411443,2
1411542,2
1412051,2
1412070,2
1412151,2
1412166,2
1413256,2
1413361,2
1413542,2
1413551,2
1413883,2
1414128,2
1414437,2
1414547,2
1414783,2
1415343,2
1415588,2
1415743,2
1415788,2
1417106,2
1417405,2
1417530,2
1417560,2
1417588,2
1418126,2
1418237,2
1418707,2
1418837,2
1419967,2
1420024,2
1420067,2
1420164,2
1420186,2
1420600,2
1420750,2
1421135,2
1421167,2
1421304,2
1421318,2
1421515,2
1421622,2
1421822,2
1422720,2
1423054,2
1423222,2
1423648,2
1424287,2
1424384,2
1424417,2
1424694,2
1425122,2
1425405,2
1425689,2
1426157,2
1426577,2
1426600,2
1426765,2
1426822,2
1427312,2
1427742,2
1428026,2
1428527,2
1429182,2
1429542,2
1429543,2
1429597,2
1429812,2
1430196,2
1430243,2
1430464,2
1430637,2
1430684,2
1430891,2
1430934,2
1430937,2
1431381,2
1432427,2
1432875,2
1433058,2
1433078,2
1433513,2
1433802,2
1433838,2
1433851,2
1433918,2
1434113,2
1434197,2
1434357,2
1434608,2
1434610,2
1434895,2
1435019,2
1435083,2
1435828,2
1436046,2
1436065,2
1436153,2
1436514,2
1436529,2
1436567,2
1436573,2
1436575,2
1436645,2
1436945,2
1437075,2
1437222,2
1437301,2
1438285,2
1439442,2
1439464,2
1440015,2
1440039,2
1440680,2
1441863,2
1442168,2
1442333,2
1442391,2
1442636,2
1442658,2
1442729,2
1443213,2
1443237,2
1443308,2
1444131,2
1444236,2
1444455,2
1444604,2
1444677,2
1444922,2
1445181,2
1445419,2
1445429,2
1445829,2
1445991,2
1446260,2
1447311,2
1447372,2
1447387,2
1447578,2
1447770,2
1447777,2
1447824,2
1447861,2
1447977,2
1448214,2
1448216,2
1448519,2
1448907,2
1449081,2
1449107,2
1449380,2
1449484,2
1450182,2
1450576,2
1451484,2
1451815,2
1451875,2
1451969,2
1451984,2
1451995,2
1452156,2
1452536,2
1453021,2
1453123,2
1453324,2
1453543,2
1453544,2
1453993,2
1454142,2
1454415,2
1454417,2
1454533,2
1454826,2
1455117,2
1455179,2
1455420,2
1456077,2
1456182,2
1456310,2
1456547,2
1456558,2
1456798,2
1456981,2
1457725,2
1458287,2
1458581,2
1458616,2
1458693,2
1458749,2
1459065,2
1459524,2
1459570,2
1459684,2
1459779,2
1459821,2
1459862,2
1459960,2
1460001,2
1460074,2
1460129,2
1460194,2
1460204,2
1461099,2
1462196,2
1462340,2
1462515,2
1462531,2
1462942,2
1462990,2
1463124,2
1463185,2
1463190,2
1463398,2
1463819,2
1463820,2
1464145,2
1465095,2
1465398,2
1465745,2
1465900,2
1466108,2
1466149,2
1466683,2
1466808,2
1466976,2
1466977,2
1467116,2
1467168,2
1467518,2
1467564,2
1468505,2
1469156,2
1470235,2
1470253,2
1471435,2
1471534,2
1471992,2
1472262,2
1472283,2
1472306,2
1472355,2
1472448,2
1473354,2
1473614,2
1473656,2
1473950,2
1473961,2
1474022,2
1474305,2
1474324,2
1475008,2
1475596,2
1475618,2
1475703,2
1475705,2
1475732,2
1475738,2
1475751,2
1475867,2
1476001,2
1476029,2
1476135,2
1476388,2
1476445,2
1476455,2
1476528,2
1477358,2
1477531,2
1478166,2
1478167,2
1478182,2
1478329,2
1478485,2
1478561,2
1478673,2
1479422,2
1479659,2
1480086,2
1480168,2
1480230,2
1480528,2
1481035,2
1481221,2
1481391,2
1481661,2
1482529,2
1482603,2
1482617,2
1482628,2
1482944,2
1483313,2
1483603,2
1483706,2
1483801,2
1484223,2
1484257,2
1484259,2
1484262,2
1484495,2
1484785,2
1484804,2
1485072,2
1485167,2
1485339,2
1485391,2
1485494,2
1485507,2
1485806,2
1485914,2
1486042,2
1486064,2
1486377,2
1486464,2
1486600,2
1486646,2
1487355,2
1487676,2
1487710,2
1487800,2
1487846,2
1487851,2
1488479,2
1488498,2
1488570,2
1489018,2
1489049,2
1489202,2
1489210,2
1489246,2
1489440,2
1489597,2
1489662,2
1489887,2
1490049,2
1490583,2
1492132,2
1492311,2
1492540,2
1492752,2
1492912,2
1493120,2
1493189,2
1493196,2
1493530,2
1493798,2
1494187,2
1494263,2
1494615,2
1494644,2
1494763,2
1494803,2
1494813,2
1494869,2
1495217,2
1495254,2
1495695,2
1496549,2
1496845,2
1497821,2
1497945,2
1497966,2
1498203,2
1498540,2
1498587,2
1499258,2
1499552,2
1499555,2
1499654,2
1499683,2
1500143,2
1500501,2
1500562,2
1501050,2
1501123,2
1501243,2
1501270,2
1501425,2
1502129,2
1502407,2
1502693,2
1502714,2
1502717,2
1502727,2
1502769,2
1503271,2
1503561,2
1503999,2
1504530,2
1504595,2
1505456,2
1505478,2
1505562,2
1505597,2
1505639,2
1505664,2
1505856,2
1506102,2
1506304,2
1506452,2
1506553,2
1507122,2
1507212,2
1507394,2
1507595,2
1507793,2
1507961,2
1508215,2
1508306,2
1508318,2
1508436,2
1508502,2
1508582,2
1509493,2
1509572,2
1509835,2
1509870,2
1510086,2
1510278,2
1511351,2
1511490,2
1512271,2
1512350,2
1512680,2
1512829,2
1512859,2
1513038,2
1513204,2
1513487,2
1513670,2
1513678,2
1513681,2
1513683,2
1513715,2
1514009,2
1514045,2
1514279,2
1514294,2
1514332,2
1514876,2
1516025,2
1516067,2
1516172,2
1516239,2
1516593,2
1516606,2
1516772,2
1516834,2
1516836,2
1516874,2
1516881,2
1517108,2
1517141,2
1517679,2
1517681,2
1517682,2
1517683,2
1517684,2
1517685,2
1517686,2
1517687,2
1519325,2
1519329,2
1519330,2
1519331,2
1519332,2
1520120,2
1520368,2
1520628,2
1521671,2
1521916,2
1522183,2
1523232,2
1523997,2
1524004,2
1524894,2
1526315,2
1526925,2
1528432,2
1528527,2
1528720,2
1528994,2
1529276,2
1529688,2
1529690,2
1530229,2
1530290,2
1530340,2
1530399,2
1530637,2
1530782,2
1530830,2
1531212,2
1531665,2
1532518,2
1532571,2
1533860,2
1535787,2
1535976,2
1535994,2
1536557,2
1536584,2
1537693,2
1537902,2
1538410,2
1539004,2
1539518,2
1539703,2
1539754,2
1539758,2
1540582,2
1540851,2
1540905,2
1541634,2
1542178,2
1543235,2
1543240,2
1543819,2
1544071,2
1545587,2
1545635,2
1547105,2
1547110,2
1547244,2
1547457,2
1548761,2
1548993,2
1549124,2
1550136,2
1550307,2
1550320,2
1550783,2
1550991,2
1551369,2
1552033,2
1552093,2
1552362,2
1553069,2
1553129,2
1554494,2
1554516,2
1555591,2
1555875,2
1555967,2
1557144,2
1557270,2
1557352,2
1557813,2
1557896,2
1558298,2
1558911,2
1559046,2
1560415,2
1560449,2
1560716,2
1561700,2
1563244,2
1563455,2
1563502,2
1564115,2
1564431,2
1565106,2
1565118,2
1565204,2
1565748,2
1566077,2
1568931,2
1569953,2
1571471,2
1571781,2
1571892,2
1571901,2
1573219,2
1573565,2
1573737,2
1573900,2
1574002,2
1574224,2
1574286,2
1574382,2
1574482,2
1574690,2
1575112,2
1575214,2
1576079,2
1577075,2
1577596,2
1577853,2
1578375,2
1579297,2
1579486,2
1579918,2
1580479,2
1580494,2
1581267,2
1581585,2
1581633,2
1581842,2
1582117,2
1582515,2
1583183,2
1583811,2
1584360,2
1584446,2
1585070,2
1585090,2
1585775,2
1586126,2
1586261,2
1586620,2
1586935,2
1588507,2
1588823,2
1588844,2
1588908,2
1589958,2
1590295,2
1590298,2
1591377,2
1592298,2
1592307,2
1593968,2
1594094,2
1594311,2
1594956,2
1595001,2
1595346,2
1595428,2
1595938,2
1596096,2
1596704,2
1597538,2
1598011,2
1598533,2
1598772,2
1600110,2
1600305,2
1600793,2
1600815,2
1602006,2
1602715,2
1603361,2
1603558,2
1603624,2
1604435,2
1604763,2
1604882,2
1604898,2
1605076,2
1605722,2
1605927,2
1606100,2
1606702,2
1606886,2
1607339,2
1608109,2
1608331,2
1608812,2
1608814,2
1608898,2
1610066,2
1610829,2
1611624,2
1612029,2
1612528,2
1612644,2
1612857,2
1613096,2
1613298,2
1613682,2
1613702,2
1614544,2
1614550,2
1615282,2
1615587,2
1615733,2
1615734,2
1615737,2
1615867,2
1615902,2
1616775,2
1618248,2
1619464,2
1619985,2
1620424,2
1620910,2
1621321,2
1621606,2
1622368,2
1622369,2
1623174,2
1623816,2
1623997,2
1624024,2
1624082,2
1624325,2
1625327,2
1625445,2
1625463,2
1625876,2
1626201,2
1626262,2
1626351,2
1626929,2
1626945,2
1627719,2
1628393,2
1628568,2
1630379,2
1632179,2
1632387,2
1632997,2
1633460,2
1633873,2
1633889,2
1634388,2
1634409,2
1634565,2
1635257,2
1635311,2
1636065,2
1636988,2
1637178,2
1637216,2
1637263,2
1637770,2
1637938,2
1638016,2
1638258,2
1638756,2
1640913,2
1641390,2
1641566,2
1643964,2
1643968,2
1644313,2
1644331,2
1645086,2
1645591,2
1646546,2
1646558,2
1646997,2
1647204,2
1647297,2
1647351,2
1647796,2
1647834,2
1648961,2
1649256,2
1649686,2
1650195,2
1650301,2
1650591,2
1651902,2
1652158,2
1652775,2
1652916,2
1654543,2
1656092,2
1656490,2
1657638,2
1658191,2
1658474,2
1659217,2
1659566,2
1659684,2
1660234,2
1661265,2
1663723,2
1663734,2
1664319,2
1664615,2
1665912,2
1665917,2
1666002,2
1666016,2
1666067,2
1666224,2
1666488,2
1668826,2
1670714,2
1670718,2
1670719,2
1670721,2
1670723,2
1670729,2
1670733,2
1670735,2
1670736,2
1670792,2
1670794,2
1675230,2
1675455,2
1676188,2
1676725,2
1677600,2
1678517,2
1678523,2
1679416,2
1679417,2
1679418,2
1679420,2
1679423,2
1679424,2
1679430,2
1679431,2
1679432,2
1679433,2
1679437,2
1679929,2
1684544,2
1684545,2
1684548,2
1684549,2
1684550,2
1684552,2
1684561,2
1684566,2
1685403,2
1685405,2
1685410,2
1685412,2
1685416,2
1688457,2
1688701,2
1689992,2
1690175,2
1690922,2
1691140,2
1691246,2
1691294,2
1691304,2
1692215,2
1694198,2
1696407,2
1699071,2
1699129,2
1699166,2
1699593,2
1699602,2
1707313,2
1707342,2
1707764,2
1707866,2
1707986,2
1707992,2
1708039,2
1708120,2
1708124,2
1708159,2
1708402,2
1708431,2
1770709,2
1770848,2
1770849,2
1771300,2
1771401,2
1771421,2
1771798,2
1771827,2
1771879,2
1771975,2
1771977,2
1772028,2
1772035,2
1772104,2
1772116,2
1772127,2
1772138,2
1772495,2
1772508,2
1772605,2
1772608,2
1772706,2
1772720,2
1772757,2
1772759,2
1772760,2
1772774,2
1772780,2
1772834,2
1772862,2
1772873,2
1772875,2
1772886,2
1772931,2
1773300,2
1773433,2
1773596,2
1773891,2
1774047,2
1774382,2
1774404,2
1774453,2
1774464,2
1774593,2
1774601,2
1774715,2
1774718,2
1774843,2
1774883,2
1774973,2
1775011,2
1775044,2
1775144,2
1775224,2
1775348,2
1775423,2
1775607,2
1776131,2
1776224,2
1776244,2
1776316,2
1776346,2
1776390,2
1776400,2
1776460,2
1776462,2
1776525,2
1776561,2
1776647,2
1776833,2
1777002,2
1777013,2
1777095,2
1777190,2
1777519,2
1777924,2
1777946,2
1777989,2
1778242,2
1778361,2
1778407,2
1778522,2
1778572,2
1778656,2
1778661,2
1778777,2
1778787,2
1778867,2
1778994,2
1779063,2
1779112,2
1779127,2
1779155,2
1779208,2
1779299,2
1779302,2
1779392,2
1779404,2
1779430,2
1779431,2
1779466,2
1779467,2
1779542,2
1779551,2
1779568,2
1779658,2
1779660,2
1779715,2
1779721,2
1779787,2
1780005,2
1780527,2
1780821,2
1784750,2
1784864,2
1785143,2
1785266,2
1785426,2
1785429,2
1785599,2
1785621,2
1785658,2
1785770,2
1785788,2
1786107,2
1786310,2
1786437,2
1786914,2
1787006,2
1787055,2
1787066,2
1787223,2
1787502,2
1787519,2
1787658,2
1787711,2
1787913,2
1787949,2
1788034,2
1788152,2
1788215,2
1788242,2
1788564,2
1788797,2
1788898,2
1789153,2
1789201,2
1789296,2
1789540,2
1789649,2
1789952,2
1790031,2
1790099,2
1790162,2
1790221,2
1790307,2
1790325,2
1790563,2
1790582,2
1790698,2
1790750,2
1790936,2
1791011,2
1791017,2
1791334,2
1791431,2
1791448,2
1791513,2
1791753,2
1791778,2
1793749,2
1793828,2
1793996,2
1794086,2
1794107,2
1794409,2
1794558,2
1794895,2
1795015,2
1795234,2
1795239,2
1796010,2
1796012,2
1796283,2
1796297,2
1796618,2
1796652,2
1796775,2
1796801,2
1796984,2
1797173,2
1797191,2
1797270,2
1797272,2
1797383,2
1797429,2
1797648,2
1797699,2
1798005,2
1798026,2
1798217,2
1798219,2
1798225,2
1798250,2
1798352,2
1798373,2
1798534,2
1798812,2
1798835,2
1799337,2
1799425,2
1799597,2
1799684,2
1799759,2
1799875,2
1800412,2
1800438,2
1800523,2
1800539,2
1800822,2
1800978,2
1801106,2
1801110,2
1801178,2
1801282,2
1801490,2
1801538,2
1801706,2
1801756,2
1801849,2
1801862,2
1801881,2
1802008,2
1802092,2
1802103,2
1802234,2
1802382,2
1802552,2
1802563,2
1802783,2
1802923,2
1802998,2
1803249,2
1803304,2
1803622,2
1803737,2
1803942,2
1804154,2
1804494,2
1804530,2
1804753,2
1804908,2
1804970,2
1805118,2
1805445,2
1805520,2
1805585,2
1805756,2
1805863,2
1806430,2
1806518,2
1806642,2
1806671,2
1806682,2
1806905,2
1807015,2
1807038,2
1807069,2
1807200,2
1807595,2
1807795,2
1808111,2
1808278,2
1808279,2
1808330,2
1808348,2
1808546,2
1808618,2
1808619,2
1808682,2
1808752,2
1808781,2
1808874,2
1808990,2
1809016,2
1809326,2
1809619,2
1809807,2
1809956,2
1810006,2
1810052,2
1810463,2
1810741,2
1811075,2
1811269,2
1811446,2
1811902,2
1812129,2
1812712,2
1812819,2
1812919,2
1812988,2
1813144,2
1813640,2
1813652,2
1813721,2
1813934,2
1813947,2
1814060,2
1814288,2
1814919,2
1814953,2
1815007,2
1815043,2
1815132,2
1815135,2
1815144,2
1815147,2
1815154,2
1815192,2
1815453,2
1815656,2
1815673,2
1815797,2
1815881,2
1815978,2
1816242,2
1816313,2
1816314,2
1816368,2
1816426,2
1816488,2
1816541,2
1816597,2
1816761,2
1817414,2
1817574,2
1817669,2
1817775,2
1817779,2
1817799,2
1817895,2
1818037,2
1818314,2
1818334,2
1818362,2
1818478,2
1818549,2
1818603,2
1818613,2
1818876,2
1819248,2
1819365,2
1819512,2
1819650,2
1819900,2
1819970,2
1820309,2
1820367,2
1820498,2
1820599,2
1820700,2
1820737,2
1820765,2
1821124,2
1821187,2
1821551,2
1821570,2
1821574,2
1821742,2
1821893,2
1821901,2
1821979,2
1822095,2
1822096,2
1822097,2
1822168,2
1822444,2
1822503,2
1822612,2
1822778,2
1822838,2
1822842,2
1822906,2
1822909,2
1822995,2
1823038,2
1823316,2
1823354,2
1823599,2
1823720,2
1823768,2
1823814,2
1823919,2
1824207,2
1824503,2
1824593,2
1825005,2
1825104,2
1825158,2
1825291,2
1825459,2
1825481,2
1825583,2
1825614,2
1825618,2
1825867,2
1826493,2
1826790,2
1827244,2
1827807,2
1828070,2
1828711,2
1828809,2
1828849,2
1829518,2
1829941,2
1830069,2
1830481,2
1831216,2
1831541,2
1831608,2
1831648,2
1831901,2
1832028,2
1832107,2
1832842,2
1833427,2
1833880,2
1834043,2
1834401,2
1834503,2
1834598,2
1834771,2
1834989,2
1835323,2
1835395,2
1835617,2
1835707,2
1835890,2
1836211,2
1836346,2
1836486,2
1837022,2
1837361,2
1838124,2
1838543,2
1838685,2
1839297,2
1839461,2
1839930,2
1840244,2
1840404,2
1840414,2
1840530,2
1840608,2
1840749,2
1841674,2
1842719,2
1842832,2
1843101,2
1844024,2
1844070,2
1844227,2
1844481,2
1844611,2
1844861,2
1845063,2
1845552,2
1845593,2
1845876,2
1846300,2
1846608,2
1846843,2
1846852,2
1846886,2
1847383,2
1847732,2
1848007,2
1848146,2
1848203,2
1848214,2
1848967,2
1849995,2
1850118,2
1850322,2
1850446,2
1850971,2
1851427,2
1851445,2
1851615,2
1851658,2
1851775,2
1851997,2
1852115,2
1852541,2
1852883,2
1853287,2
1853811,2
1854157,2
1854842,2
1854904,2
1854951,2
1854996,2
1855631,2
1855783,2
1856244,2
1856450,2
1858739,2
1859947,2
1859994,2
1860252,2
1860496,2
1861804,2
1866551,2
1866552,2
1866984,2
1867132,2
1867769,2
1869592,2
1871652,2
1873342,2
1874597,2
1874598,2
1874600,2
1874873,2
1875085,2
1876509,2
1880778,2
1880866,2
1882327,2
1882487,2
1888604,2
1890527,2
1890528,2
1890529,2
1890530,2
1890546,2
1892869,2
1893586,2
1894651,2
1895997,2
1897219,2
1900042,2
1901121,2
1902198,2
1903128,2
1903520,2
1903521,2
1908464,2
1909566,2
1914105,2
1914875,2
1915787,2
1916537,2
1918886,2
1919594,2
1922229,2
1930389,2
1932395,2
1934540,2
1935028,2
1938437,2
1941325,2
1944098,2
1944225,2
1945002,2
1946718,2
1948609,2
1948716,2
1951200,2
1958533,2
1962868,2
1962928,2
1963462,2
1964114,2
1968211,2
1969979,2
1971852,2
1972027,2
1972719,2
1974237,2
1974999,2
1978367,2
1980660,2
1980738,2
1981563,2
1984521,2
1987862,2
1990491,2
1991368,2
1992285,2
1993481,2
1996226,2
1997041,2
1997780,2
1998273,2
1998871,2
1999032,2
1999142,2
1999688,2
2000859,2
2002250,2
2003183,2
2003194,2
2003200,2
2003487,2
2005329,2
2008484,2
2009219,2
2009947,2
2011797,2
2012598,2
2012884,2
2013250,2
2014296,2
2014549,2
2015406,2
2015407,2
2016072,2
2016369,2
2016421,2
2018176,2
2018461,2
2018623,2
2019452,2
2019962,2
2020751,2
2022422,2
2024614,2
2024615,2
2025020,2
2026107,2
2026896,2
2027106,2
2027615,2
2030412,2
2030867,2
2031654,2
2032391,2
2032559,2
2032883,2
2033978,2
2036357,2
2037460,2
2038240,2
2038669,2
2039464,2
2040963,2
2041039,2
2042449,2
2042678,2
2042734,2
2042738,2
2042955,2
2043192,2
2043359,2
2044726,2
2044925,2
2045186,2
2045651,2
2045934,2
2047525,2
2047610,2
2047675,2
2048455,2
2049024,2
2049288,2
2049515,2
2049519,2
2049521,2
2049543,2
2051074,2
2051520,2
2051521,2
2051813,2
2051815,2
2052316,2
2052318,2
2052324,2
2052568,2
2052605,2
2052610,2
2052636,2
2052680,2
2053114,2
2053123,2
2053573,2
2053922,2
2053932,2
2053939,2
2054572,2
2054651,2
2054827,2
2054834,2
2054992,2
2055128,2
2055752,2
2056285,2
2056546,2
2056610,2
2057054,2
2057326,2
2057553,2
2057577,2
2057662,2
2058330,2
2058497,2
2058629,2
2058723,2
2058787,2
2059057,2
2059605,2
2060572,2
2060919,2
2060985,2
2060989,2
2061022,2
2061319,2
2061351,2
2061363,2
2061364,2
2061665,2
2061837,2
2061848,2
2062104,2
2062111,2
2062114,2
2062750,2
2062752,2
2062755,2
2062858,2
2063087,2
2063522,2
2063553,2
2064111,2
2064462,2
2064633,2
2064638,2
2064793,2
2064830,2
2065380,2
2065468,2
2065475,2
2066080,2
2066122,2
2066127,2
2066228,2
2066357,2
2066471,2
2066475,2
2066520,2
2067081,2
2067110,2
2067413,2
2067428,2
2067486,2
2067691,2
2067940,2
2068105,2
2068148,2
2068168,2
2068175,2
2068510,2
2068969,2
2069189,2
2069446,2
2069941,2
2070149,2
2070428,2
2070540,2
2070705,2
2070943,2
2070950,2
2070964,2
2070969,2
2071103,2
2071397,2
2071398,2
2071654,2
2072094,2
2072369,2
2073276,2
2073472,2
2074097,2
2074356,2
2074452,2
2074956,2
2075578,2
2075662,2
2075778,2
2076165,2
2076354,2
2076434,2
2076492,2
2076500,2
2076759,2
2076827,2
2076834,2
2077213,2
2077229,2
2077331,2
2077333,2
2077350,2
2077994,2
2078427,2
2078802,2
2078876,2
2079033,2
2079140,2
2079207,2
2079209,2
2079626,2
2079930,2
2080133,2
2081245,2
2081385,2
2081961,2
2082156,2
2082229,2
2082663,2
2082858,2
2083109,2
2083204,2
2084075,2
2084739,2
2085036,2
2085055,2
2085144,2
2085147,2
2085701,2
2085704,2
2085796,2
2085861,2
2085909,2
2086042,2
2086926,2
2087001,2
2087606,2
2087637,2
2088126,2
2088262,2
2088279,2
2088440,2
2088547,2
2088999,2
2089425,2
2089485,2
2089520,2
2089622,2
2089926,2
2089928,2
2089971,2
2090060,2
2090292,2
2091219,2
2092748,2
2093101,2
2093657,2
2093660,2
2093808,2
2094139,2
2094155,2
2095496,2
2095972,2
2096400,2
2096646,2
2096702,2
2097158,2
2097283,2
2097302,2
2097305,2
2098595,2
2099800,2
2100219,2
2100368,2
2100807,2
2100874,2
2100905,2
2101312,2
2101579,2
2101681,2
2101691,2
2102084,2
2102392,2
2102399,2
2102943,2
2103128,2
2104086,2
2105060,2
2105127,2
2106155,2
2107182,2
2107400,2
2107554,2
2108876,2
2109058,2
2109313,2
2109318,2
2109636,2
2113254,2
2113431,2
2113454,2
2113906,2
2114535,2
2116484,2
2117242,2
2117252,2
2117270,2
2117283,2
2119875,2
2120322,2
2120823,2
2120847,2
2122845,2
2123183,2
2123234,2
2123256,2
2123284,2
2123304,2
2123810,2
2123818,2
2123862,2
2124006,2
2124760,2
2128392,2
2128422,2
2128730,2
2128784,2
2128843,2
2128859,2
2128867,2
2128871,2
2130132,2
2130139,2
2133762,2
2133782,2
2134255,2
2135023,2
2135030,2
2135768,2
2137286,2
2137518,2
2137551,2
2137990,2
2138378,2
2138461,2
2138913,2
2139331,2
2139626,2
2140284,2
2140358,2
2140411,2
2140452,2
2140558,2
2140687,2
2140723,2
2141679,2
2141691,2
2141898,2
2142171,2
2143401,2
2143829,2
2143859,2
2144770,2
2144775,2
2144785,2
2144787,2
2144805,2
2145166,2
2145241,2
2145311,2
2145338,2
2145392,2
2145513,2
2145627,2
2145756,2
2145886,2
2145890,2
2145957,2
2146295,2
2146326,2
2146409,2
2146410,2
2146911,2
2146923,2
2147034,2
2147157,2
2147184,2
2147264,2
2147287,2
2147541,2
2147661,2
2148110,2
2148167,2
2148277,2
2148278,2
2148281,2
2148285,2
2148429,2
2148773,2
2148918,2
2149048,2
2149130,2
2149304,2
2149418,2
2149489,2
2149595,2
2149697,2
2149700,2
2149862,2
2150432,2
2150551,2
2150565,2
2150567,2
2150581,2
2150621,2
2150954,2
2151491,2
2151511,2
2151699,2
2154094,2
2154117,2
2154118,2
2154461,2
2154753,2
2154758,2
2154875,2
2154913,2
2154942,2
2155468,2
2156031,2
2156051,2
2156063,2
2156085,2
2156422,2
2156563,2
2156579,2
2156876,2
2157349,2
2157449,2
2157450,2
2157456,2
2157459,2
2157463,2
2158262,2
2158271,2
2158402,2
2159040,2
2159111,2
2159170,2
2159194,2
2159205,2
2159332,2
2159782,2
2159836,2
2159855,2
2159859,2
2159863,2
2159959,2
2159960,2
2159962,2
2160371,2
2160530,2
2160565,2
2160566,2
2160652,2
2160854,2
2160890,2
2160931,2
2161652,2
2161728,2
2161737,2
2161877,2
2162698,2
2162739,2
2163424,2
2163717,2
2163777,2
2164023,2
2164184,2
2164458,2
2164472,2
2164478,2
2164479,2
2164538,2
2164554,2
2164687,2
2165318,2
2165321,2
2165337,2
2165366,2
2165509,2
2165528,2
2165832,2
2166029,2
2166162,2
2166269,2
2166369,2
2166595,2
2166631,2
2167284,2
2167555,2
2168052,2
2168074,2
2168492,2
2168564,2
2168686,2
2169095,2
2169165,2
2169167,2
2169897,2
2170096,2
2170329,2
2170696,2
2170757,2
2170764,2
2171141,2
2171146,2
2171978,2
2172667,2
2172668,2
2172669,2
2172910,2
2173059,2
2173197,2
2173257,2
2173775,2
2173809,2
2174140,2
2175180,2
2175190,2
2175826,2
2176041,2
2176049,2
2176059,2
2176068,2
2176076,2
2176089,2
2176094,2
2176171,2
2176180,2
2176519,2
2176526,2
2176533,2
2176725,2
2176935,2
2177092,2
2177179,2
2177206,2
2177814,2
2177929,2
2177945,2
2177965,2
2177967,2
2178415,2
2178419,2
2178573,2
2178818,2
2179094,2
2179442,2
2180167,2
2180413,2
2180440,2
2180958,2
2181265,2
2181422,2
2181622,2
2181623,2
2181875,2
2182274,2
2182276,2
2183584,2
2183589,2
2183631,2
2183751,2
2183806,2
2184952,2
2184996,2
2185037,2
2185310,2
2185346,2
2185358,2
2185880,2
2186255,2
2186507,2
2187048,2
2187058,2
2187121,2
2187193,2
2187201,2
2187658,2
2187748,2
2187754,2
2187760,2
2187766,2
2187790,2
2188217,2
2188219,2
2188492,2
2188992,2
2189145,2
2189185,2
2189225,2
2189425,2
2189427,2
2189497,2
2189577,2
2189588,2
2189654,2
2189847,2
2189868,2
2189982,2
2190009,2
2190073,2
2190102,2
2190161,2
2190472,2
2190686,2
2190996,2
2191033,2
2191508,2
2191517,2
2191760,2
2192020,2
2192212,2
2192274,2
2192280,2
2402684,2
2403031,2
2404804,2
2404807,2
2404813,2
2404824,2
2405320,2
2405375,2
2416685,2
2418635,2
2419046,2
2419779,2
2422138,2
2422140,2
2423148,2
2423154,2
2423155,2
2423160,2
2423166,2
2423168,2
2423173,2
2423174,2
2423177,2
2423180,2
2429782,2
2429788,2
2429790,2
2429794,2
2429795,2
2429800,2
2429806,2
2429808,2
2429810,2
2429812,2
2429820,2
2429845,2
2429856,2
2429861,2
2429869,2
2429873,2
2429880,2
2444734,2
2444871,2
2524084,2
2524168,2
2543837,2
2668284,2
2670482,2
2670483,2
2670484,2
2670485,2
2670486,2
2670509,2
2717099,2
2728751,2
2728754,2
2728755,2
2728762,2
2728769,2
2728782,2
2728783,2
2728789,2
2728806,2
2728808,2
2728816,2
2728839,2
2728842,2
2728844,2
2728847,2
2732305,2
2732311,2
2732314,2
2732316,2
2732327,2
2732341,2
2735946,2
2738175,2
2738188,2
2738214,2
2739040,2
2739286,2
2739322,2
2739615,2
2741170,2
2741172,2
2741361,2
2741370,2
2743216,2
2744380,2
2747497,2
2748283,2
2748534,2
2748549,2
2748553,2
2748879,2
2749016,2
2749039,2
2750273,2
2750317,2
2752436,2
2752492,2
2752736,2
2752916,2
2753181,2
2753380,2
2753386,2
2753388,2
2753394,2
2753400,2
2753409,2
2753414,2
2755902,2
2756049,2
2756211,2
2759052,2
2760407,2
2760411,2
2760412,2
2760413,2
2760414,2
2760421,2
2760423,2
2760441,2
2760448,2
2760449,2
2760450,2
2760452,2
2760453,2
2760454,2
2760459,2
2760460,2
2766236,2
2794809,2
2802232,2
2804603,2
2830790,2
2831445,2
2831453,2
2833934,2
2833935,2
2833936,2
2833944,2
2833948,2
2833950,2
2833962,2
2833964,2
2833965,2
2833966,2
2833970,2
2833975,2
2838666,2
2838671,2
2838673,2
2838675,2
2838684,2
2838685,2
2838686,2
2838689,2
2838693,2
2838694,2
2838696,2
2838707,2
2838709,2
2838713,2
2838716,2
2841387,2
2841961,2
2841965,2
2842857,2
2842858,2
2842862,2
2842863,2
2842866,2
2842867,2
2842868,2
2842870,2
2842873,2
2842875,2
2842877,2
2844771,2
2844803,2
2844806,2
2844844,2
2844845,2
2844846,2
2844847,2
2844848,2
2844850,2
2844851,2
2844852,2
2844853,2
2844854,2
2844855,2
2844856,2
2844857,2
2844858,2
2844859,2
2844860,2
2844861,2
2852027,2
2852181,2
2852182,2
2852183,2
2852184,2
2852185,2
2852932,2
2853059,2
2853238,2
2853239,2
2853240,2
2853241,2
2853243,2
2853245,2
2853246,2
2853247,2
2853248,2
2853249,2
2853250,2
2853252,2
2853253,2
2853254,2
2853255,2
2853256,2
2853257,2
2853258,2
2853261,2
2853262,2
2853263,2
2853264,2
2853265,2
2853266,2
2853268,2
2853271,2
2853272,2
2853275,2
2853278,2
2853279,2
2853281,2
2853282,2
2853285,2
2853289,2
2853290,2
2853291,2
2853293,2
2853294,2
2853648,2
2853703,2
2854088,2
2854258,2
2854294,2
2854296,2
2854803,2
2854960,2
2854976,2
2855119,2
2855125,2
2855127,2
2855194,2
2855199,2
2855377,2
2855641,2
2856089,2
2856120,2
2856121,2
2856122,2
2856591,2
2857340,2
2857344,2
2857359,2
2857360,2
2857362,2
2857368,2
2857899,2
2857905,2
2858123,2
2858135,2
2858340,2
2858350,2
2858710,2
2858884,2
2858975,2
2859012,2
2859076,2
2859135,2
2859561,2
2859577,2
2859581,2
2859804,2
2859953,2
2860186,2
2860194,2
2860211,2
2860451,2
2860608,2
2860615,2
2860812,2
2860899,2
2861218,2
2861254,2
2861409,2
2862367,2
2862370,2
2862413,2
2862421,2
2862424,2
2863502,2
2863545,2
2863546,2
2863550,2
2863812,2
2864048,2
2864394,2
2864423,2
2864887,2
2864890,2
2864896,2
2865174,2
2865272,2
2865532,2
2865615,2
2865637,2
2865638,2
2866333,2
2866335,2
2867118,2
2867732,2
2868600,2
2868788,2
2869002,2
2869173,2
2870245,2
2870257,2
2870263,2
2870308,2
2870955,2
2870967,2
2871000,2
2871142,2
2871410,2
2871562,2
2871694,2
2871927,2
2872547,2
2872935,2
2873210,2
2874031,2
2874583,2
2874597,2
2874680,2
2874966,2
2874979,2
2874993,2
2874994,2
2874997,2
2875335,2
2875605,2
2875608,2
2875612,2
2876156,2
2876513,2
2877305,2
2877323,2
2877581,2
2877583,2
2877990,2
2878260,2
2878263,2
2878568,2
2878569,2
2878570,2
2878579,2
2878694,2
2879025,2
2879255,2
2879517,2
2880514,2
2880844,2
2880944,2
2881837,2
2882703,2
2883062,2
2883449,2
2884684,2
2885491,2
2885797,2
2886131,2
2886159,2
2886226,2
2886255,2
2887477,2
2889277,2
2889637,2
2889985,2
2890347,2
2890435,2
2890922,2
2892579,2
2893500,2
2893915,2
2894439,2
2895062,2
2895077,2
2895501,2
2896869,2
2896871,2
2897010,2
2897484,2
2897485,2
2897841,2
2897850,2
2897858,2
2897862,2
2897876,2
2898019,2
2898559,2
2898689,2
2898992,2
2898999,2
2899000,2
2899079,2
2899365,2
2899677,2
2899868,2
2900819,2
2900826,2
2900853,2
2900872,2
2901374,2
2901655,2
2901932,2
2901993,2
2901998,2
2902303,2
2902352,2
2902410,2
2903526,2
2904075,2
2904139,2
2904183,2
2904538,2
2904611,2
2905093,2
2905173,2
2905406,2
2905423,2
2905431,2
2905467,2
2905682,2
2906230,2
2907105,2
2907192,2
2907209,2
2907228,2
2907252,2
2907405,2
2907582,2
2907775,2
2907783,2
2908064,2
2908340,2
2908463,2
2908545,2
2908611,2
2908621,2
2908776,2
2909008,2
2909025,2
2909476,2
2909482,2
2909622,2
2909624,2
2909726,2
2909871,2
2909873,2
2909874,2
2910111,2
2910189,2
2910414,2
2910872,2
2910926,2
2911004,2
2911760,2
2911804,2
2912266,2
2912525,2
2912905,2
2913188,2
2913190,2
2913244,2
2913251,2
2913459,2
2913592,2
2913627,2
2913628,2
2913647,2
2913683,2
2913751,2
2913765,2
2914031,2
2914034,2
2915155,2
2915305,2
2915871,2
2916034,2
2916228,2
2916402,2
2916445,2
2916872,2
2916878,2
2916881,2
2917012,2
2917020,2
2917269,2
2917275,2
2917289,2
2917290,2
2917303,2
2917506,2
2917552,2
2917704,2
2917763,2
2917942,2
2918327,2
2918621,2
2918625,2
2918626,2
2918627,2
2918760,2
2918969,2
2919480,2
2919490,2
2919638,2
2920011,2
2920496,2
2920623,2
2921148,2
2921452,2
2921670,2
2921764,2
2921775,2
2921970,2
2922024,2
2922746,2
2922996,2
2923126,2
2923252,2
2923289,2
2923511,2
2923583,2
2923610,2
2923858,2
2923869,2
2924082,2
2924274,2
2924311,2
2924312,2
2924317,2
2924684,2
2925026,2
2925037,2
2925038,2
2925052,2
2925417,2
2925707,2
2925820,2
2925896,2
2925903,2
2926111,2
2926120,2
2926130,2
2926152,2
2926429,2
2926746,2
2926750,2
2927054,2
2927055,2
2927069,2
2927690,2
2927871,2
2927873,2
2927978,2
2927979,2
2928252,2
2928255,2
2928299,2
2928391,2
2928560,2
2928635,2
2928702,2
2928794,2
2929089,2
2929925,2
2930588,2
2930724,2
2930729,2
2931113,2
2931743,2
2931764,2
2932471,2
2933090,2
2933163,2
2933175,2
2933192,2
2933259,2
2933519,2
2933706,2
2933759,2
2935549,2
2935554,2
2935556,2
2935565,2
2935566,2
2935575,2
2935577,2
2935581,2
2935584,2
2935593,2
2935622,2
2935628,2
2935630,2
2935638,2
2935648,2
2935655,2
2935657,2
2935659,2
2935668,2
2935671,2
2935675,2
2935682,2
2935687,2
2935688,2
2935697,2
2936322,2
2936856,2
2937956,2
2938227,2
2939307,2
2940047,2
2940547,2
2941077,2
2941135,2
2942474,2
2942515,2
2942525,2
2943010,2
2943088,2
2943525,2
2943830,2
2943901,2
2944002,2
2944277,2
2944418,2
2944977,2
2946491,2
2947513,2
2949149,2
2951514,2
2952814,2
2953304,2
2954123,2
2954132,2
2954235,2
2954308,2
2954442,2
2954762,2
2956233,2
2956234,2
2957009,2
2957241,2
2957506,2
2957994,2
2958561,2
2958791,2
2959077,2
2959142,2
2959555,2
2959946,2
2960272,2
2961729,2
2961808,2
2962260,2
2962447,2
2962949,2
2963111,2
2964243,2
2964324,2
2964365,2
2964515,2
2965030,2
2965057,2
2965165,2
2965841,2
2966040,2
2966149,2
2966301,2
2966306,2
2966311,2
2966384,2
2966397,2
2966642,2
2966768,2
2967098,2
2967570,2
2967703,2
2968046,2
2968197,2
2968876,2
2968985,2
2969080,2
2969141,2
2969143,2
2969500,2
2969519,2
2969605,2
2969644,2
2969653,2
2969818,2
2969821,2
2969831,2
2970193,2
2971202,2
2971860,2
2971926,2
2972556,2
2972717,2
2972834,2
2972900,2
2972904,2
2973006,2
2973193,2
2973311,2
2973315,2
2973501,2
2973520,2
2973521,2
2973525,2
2973993,2
2973995,2
2974133,2
2974379,2
2974645,2
2975396,2
2975400,2
2975602,2
2975663,2
2975696,2
2975998,2
2976060,2
2976384,2
2976401,2
2976407,2
2976421,2
2976731,2
2976733,2
2976735,2
2976768,2
2976829,2
2977039,2
2977042,2
2977299,2
2977301,2
2977619,2
2977641,2
2977658,2
2977795,2
2978134,2
2978158,2
2978164,2
2978172,2
2978225,2
2978640,2
2978658,2
2978689,2
2979021,2
2979044,2
2980088,2
2980115,2
2980464,2
2980883,2
2981034,2
2981662,2
2981664,2
2981729,2
2981750,2
2982196,2
2982208,2
2982209,2
2982234,2
2982257,2
2982301,2
2982412,2
2982485,2
2982491,2
2982614,2
2982821,2
2982825,2
2983055,2
2983298,2
2983332,2
2983620,2
2983640,2
2983648,2
2983720,2
2984156,2
2984163,2
2984188,2
2984364,2
2984421,2
2984451,2
2984571,2
2984907,2
2985029,2
2985201,2
2985345,2
2985385,2
2985470,2
2985505,2
2985726,2
2986269,2
2986683,2
2986764,2
2987083,2
2987322,2
2987406,2
2987425,2
2987669,2
2987876,2
2987982,2
2988152,2
2988158,2
2988774,2
2988854,2
2988928,2
2989006,2
2989141,2
2989193,2
2989593,2
2989622,2
2989689,2
2989813,2
2989818,2
2989826,2
2990240,2
2990428,2
2990434,2
2990687,2
2990908,2
2990913,2
2990914,2
2990915,2
2990918,2
2991010,2
2991173,2
2991314,2
2991372,2
2991402,2
2991403,2
2991909,2
2991934,2
2992179,2
2992181,2
2992250,2
2992252,2
2992774,2
2992874,2
2993347,2
2993385,2
2993614,2
2993989,2
2994130,2
2994135,2
2994489,2
2994663,2
2994740,2
2994845,2
2994957,2
2995071,2
2995147,2
2996203,2
2996367,2
2996521,2
2996522,2
2996855,2
2996917,2
2997419,2
2997469,2
2997472,2
2997483,2
2997532,2
2997580,2
2998120,2
2998203,2
2998204,2
2998205,2
2998264,2
2998527,2
2998894,2
2998960,2
2999161,2
2999267,2
2999306,2
2999312,2
2999621,2
2999645,2
2999693,2
2999776,2
2999777,2
2999788,2
3000065,2
3000145,2
3000151,2
3000891,2
3000966,2
3000992,2
3001080,2
3001125,2
3001382,2
3001399,2
3001734,2
3001988,2
3002332,2
3002345,2
3002565,2
3002639,2
3003408,2
3003612,2
3003620,2
3003910,2
3003988,2
3004731,2
3004888,2
3004981,2
3005257,2
3005585,2
3006258,2
3006414,2
3007192,2
3007989,2
3008056,2
3008484,2
3008517,2
3008523,2
3008548,2
3008682,2
3009036,2
3009105,2
3009245,2
3009408,2
3009461,2
3009625,2
3009641,2
3009643,2
3010477,2
3010872,2
3011076,2
3011709,2
3011877,2
3012312,2
3012667,2
3012682,2
3012909,2
3013325,2
3013338,2
3013364,2
3013376,2
3013753,2
3013796,2
3014479,2
3014480,2
3014486,2
3014638,2
3014792,2
3014919,2
3015345,2
3015371,2
3016276,2
3016487,2
3016583,2
3016989,2
3017113,2
3017165,2
3018185,2
3018489,2
3018698,2
3018902,2
3018908,2
3019077,2
3019078,2
3019096,2
3019216,2
3019226,2
3019542,2
3019833,2
3020344,2
3020590,2
3021401,2
3021406,2
3021410,2
3021821,2
3021841,2
3021990,2
3022364,2
3022366,2
3022675,2
3022796,2
3022802,2
3023142,2
3023544,2
3023612,2
3023804,2
3024079,2
3024131,2
3024264,2
3024779,2
3024842,2
3024930,2
3024947,2
3025197,2
3025417,2
3025448,2
3025719,2
3025809,2
3026049,2
3026149,2
3026150,2
3026208,2
3026532,2
3026612,2
3026613,2
3026828,2
3026830,2
3026839,2
3028622,2
3028631,2
3028692,2
3028771,2
3028873,2
3029204,2
3029291,2
3029694,2
3029890,2
3030108,2
3030117,2
3030171,2
3030373,2
3030374,2
3031645,2
3032373,2
3034192,2
3035349,2
3035440,2
3035976,2
3036058,2
3036337,2
3037446,2
3039485,2
3041077,2
3042589,2
3043353,2
3043354,2
3043359,2
3043373,2
3043374,2
3043718,2
3043783,2
3045519,2
3045978,2
3047670,2
3047970,2
3049872,2
3053943,2
3054755,2
3055759,2
3056099,2
3056295,2
3056728,2
3058654,2
3059205,2
3059588,2
3061001,2
3062230,2
3062287,2
3062668,2
3062670,2
3063027,2
3064150,2
3064774,2
3065249,2
3065421,2
3065778,2
3066849,2
3066951,2
3068076,2
3068302,2
3068652,2
3069243,2
3069414,2
3072803,2
3072807,2
3072809,2
3072899,2
3073163,2
3073528,2
3073640,2
3074032,2
3074033,2
3074034,2
3074035,2
3074036,2
3074059,2
3074060,2
3074062,2
3074063,2
3074064,2
3076970,2
3077084,2
3078507,2
3079692,2
3080785,2
3081189,2
3081190,2
3081191,2
3081192,2
3081193,2
3081357,2
3115127,2
3115965,2
3119146,2
3121365,2
3122104,2
3124331,2
3124765,2
3126239,2
3127163,2
3133051,2
3137323,2
3137986,2
3138662,2
3139158,2
3139886,2
3142300,2
3144384,2
3146638,2
3149880,2
3150684,2
3151734,2
3152719,2
3153625,2
3155453,2
3155586,2
3155698,2
3155730,2
3156380,2
3157964,2
3158174,2
3159105,2
3159594,2
3160260,2
3161783,2
3162089,2
3162201,2
3162381,2
3162450,2
3162951,2
3165883,2
3165950,2
3168257,2
3169638,2
3170386,2
3173391,2
3174030,2
3175711,2
3177015,2
3177122,2
3180360,2
3180370,2
3181243,2
3181607,2
3182383,2
3182390,2
3182396,2
3182537,2
3182882,2
3183237,2
3184230,2
3187766,2
3193736,2
3226200,2
3227679,2
3228583,2
3228824,2
3228840,2
3228986,2
3229032,2
3229203,2
3229251,2
3229315,2
3229321,2
3229357,2
3229534,2
3229591,2
3229666,2
3229734,2
3229823,2
3229856,2
3229857,2
3229858,2
3229859,2
3229860,2
3229861,2
3229862,2
3229863,2
3229864,2
3229865,2
3229867,2
3230202,2
3230329,2
3230363,2
3230385,2
3230451,2
3230698,2
3230795,2
3230797,2
3230807,2
3230874,2
3230978,2
3231152,2
3231260,2
3231306,2
3231442,2
3231525,2
3231547,2
3231554,2
3231791,2
3232088,2
3232114,2
3232120,2
3232209,2
3232277,2
3232462,2
3232489,2
3232505,2
3232528,2
3232584,2
3232669,2
3232717,2
3232766,2
3232877,2
3232949,2
3233020,2
3233182,2
3233183,2
3233184,2
3233185,2
3233186,2
3233187,2
3233189,2
3233191,2
3233192,2
3233193,2
3233194,2
3233195,2
3233196,2
3233197,2
3233198,2
3233199,2
3233529,2
3233530,2
3233563,2
3233587,2
3233668,2
3233714,2
3233718,2
3233722,2
3233840,2
3233921,2
3233930,2
3233986,2
3233990,2
3234131,2
3234137,2
3234192,2
3234290,2
3234356,2
3234380,2
3234403,2
3234419,2
3234738,2
3234775,2
3234810,2
3234822,2
3234831,2
3235080,2
3235083,2
3235146,2
3307586,2
3381269,2
3381292,2
3381829,2
3382083,2
3382230,2
3384062,2
3384272,2
3384757,2
3385062,2
3385067,2
3387194,2
3387206,2
3387220,2
3387223,2
3387242,2
3387383,2
3387395,2
3387851,2
3390620,2
3390621,2
3390628,2
3390784,2
3391033,2
3396041,2
3396047,2
3399922,2
3399923,2
3399924,2
3399925,2
3399927,2
3399929,2
3399931,2
3399932,2
3399933,2
3399935,2
3399936,2
3399941,2
3399942,2
3399943,2
3399946,2
3399947,2
3407454,2
3412828,2
3415019,2
3421257,2
3421265,2
3421269,2
3421278,2
3421282,2
3421294,2
3421304,2
3424216,2
3424217,2
3424223,2
3424227,2
3424232,2
3424233,2
3424242,2
3424250,2
3424264,2
3424272,2
3424276,2
3424328,2
3424339,2
3424347,2
3496672,2
3498351,2
3499333,2
3499450,2
3499474,2
3526673,2
3535721,2
3536998,2
3538335,2
3543484,2
3545372,2
3546923,2
3549975,2
3636918,2
3636924,2
3640034,2
3640046,2
3640047,2
3640052,2
3640064,2
3640097,2
3640109,2
3640115,2
3640117,2
3640139,2
3640143,2
3640220,2
3640222,2
3640225,2
3640249,2
3640260,2
3640270,2
3640292,2
3640308,2
3640311,2
3640317,2
3640351,2
3640358,2
3640370,2
3640394,2
3709138,2
3709139,2
3709140,2
3709141,2
3731169,2
3731241,2
3731244,2
3731247,2
3731250,2
3731251,2
3731255,2
3731262,2
3731269,2
3731271,2
3731274,2
3732952,2
3733533,2
3738406,2
3738434,2
3741207,2
3742420,2
3742891,2
3743325,2
3743961,2
3744242,2
3746270,2
3746766,2
3747630,2
3747809,2
3749374,2
3749421,2
3749701,2
3750648,2
3751417,2
3753123,2
3753133,2
3755488,2
3755807,2
3756027,2
3756157,2
3758933,2
3760066,2
3760129,2
3760166,2
3760882,2
3761079,2
3762522,2
3763192,2
3763856,2
3763857,2
3763858,2
3763859,2
3763860,2
3763861,2
3763862,2
3763863,2
3763864,2
3763865,2
3763866,2
3763867,2
3763868,2
3763869,2
3763870,2
3763871,2
3763873,2
3763874,2
3763875,2
3763876,2
3763877,2
3763878,2
3763879,2
3763880,2
3763881,2
3763882,2
3763883,2
3763884,2
3763885,2
3763886,2
3763887,2
3763888,2
3763889,2
3763890,2
3763891,2
3763892,2
3763893,2
3763894,2
3763895,2
3763896,2
3763897,2
3763898,2
3763899,2
3763900,2
3763901,2
3763902,2
3763903,2
3763904,2
3763906,2
3763907,2
3763908,2
3763909,2
3763910,2
3763911,2
3763912,2
3763913,2
3763914,2
3763915,2
3763916,2
3763917,2
3763918,2
3763919,2
3763920,2
3763922,2
3763923,2
3763924,2
3763925,2
3763926,2
3763927,2
3763928,2
3763930,2
3763931,2
3763932,2
3763933,2
3763934,2
3763935,2
3764324,2
3764325,2
3764326,2
3764327,2
3764328,2
3764329,2
3764330,2
3764331,2
3764332,2
3764333,2
3764334,2
3764335,2
3764336,2
3764337,2
3764338,2
3764340,2
3764341,2
3764342,2
3764343,2
3764344,2
3764345,2
3764346,2
3764347,2
3764348,2
3764349,2
3764351,2
3764352,2
3764353,2
3764354,2
3764355,2
3764356,2
3764357,2
3764358,2
3764359,2
3764360,2
3764361,2
3764362,2
3764363,2
3764364,2
3764365,2
3764366,2
3764367,2
3764368,2
3764369,2
3764370,2
3764371,2
3764372,2
3764373,2
3764374,2
3764375,2
3764376,2
3764377,2
3764378,2
3764379,2
3764380,2
3764381,2
3764382,2
3764383,2
3764384,2
3764385,2
3764386,2
3764387,2
3764388,2
3764389,2
3764390,2
3764391,2
3764393,2
3764394,2
3764395,2
3764396,2
3764397,2
3764398,2
3764399,2
3764400,2
3764401,2
3764402,2
3764403,2
3764404,2
3764405,2
3764406,2
3764407,2
3764408,2
3764409,2
3764410,2
3764411,2
3764412,2
3764413,2
3764414,2
3764415,2
3764416,2
3764417,2
3764418,2
3764419,2
3764420,2
3764421,2
3764422,2
3764423,2
3764424,2
3764425,2
3764426,2
3764427,2
3764428,2
3764429,2
3764430,2
3764431,2
3764432,2
3764433,2
3764434,2
3764435,2
3764436,2
3764437,2
3764438,2
3764439,2
3764440,2
3764441,2
3764442,2
3764443,2
3764444,2
3764445,2
3764446,2
3764447,2
3764448,2
3764449,2
3764683,2
3765169,2
3765206,2
3766343,2
3766458,2
3766555,2
3766640,2
3766714,2
3768401,2
3768860,2
3769286,2
3769739,2
3769877,2
3771651,2
3771842,2
3772097,2
3772149,2
3773613,2
3773614,2
3774115,2
3774116,2
3774117,2
3774118,2
3774119,2
3774120,2
3774121,2
3774122,2
3774123,2
3774124,2
3774125,2
3774126,2
3774127,2
3774128,2
3774129,2
3774130,2
3774131,2
3774132,2
3774133,2
3774134,2
3774136,2
3774137,2
3774138,2
3774139,2
3774140,2
3774142,2
3774144,2
3774145,2
3774146,2
3774147,2
3774148,2
3774149,2
3774150,2
3774152,2
3774153,2
3774154,2
3774155,2
3774156,2
3774157,2
3774158,2
3774628,2
3774697,2
3775112,2
3775113,2
3775133,2
3775500,2
3775614,2
3775920,2
3776055,2
3776346,2
3776613,2
3777018,2
3777226,2
3777253,2
3777523,2
3777530,2
3778090,2
3778098,2
3778100,2
3778840,2
3779493,2
3779549,2
3779557,2
3779992,2
3780273,2
3780282,2
3780310,2
3780831,2
3780840,2
3780932,2
3780972,2
3781067,2
3781138,2
3781298,2
3781301,2
3781489,2
3781520,2
3781907,2
3782291,2
3782718,2
3782943,2
3783083,2
3783237,2
3783678,2
3784032,2
3784247,2
3784810,2
3785075,2
3785207,2
3785276,2
3785358,2
3785589,2
3785849,2
3786396,2
3786468,2
3786531,2
3786532,2
3787074,2
3787249,2
3787468,2
3787695,2
3787889,2
3787892,2
3788167,2
3788269,2
3788477,2
3788500,2
3788614,2
3788724,2
3788873,2
3789152,2
3789656,2
3789750,2
3789874,2
3789877,2
3789965,2
3790137,2
3790506,2
3790528,2
3790583,2
3790592,2
3790973,2
3791010,2
3791058,2
3792169,2
3792325,2
3793036,2
3793201,2
3793495,2
3794062,2
3794280,2
3794284,2
3794370,2
3794647,2
3794848,2
3795630,2
3796433,2
3796687,2
3797433,2
3797584,2
3797594,2
3797735,2
3798146,2
3798278,2
3798370,2
3798611,2
3799227,2
3799511,2
3799688,2
3799977,2
3800471,2
3800489,2
3800810,2
3800814,2
3801258,2
3801479,2
3801549,2
3802882,2
3802938,2
3803430,2
3804027,2
3804037,2
3804095,2
3804182,2
3805424,2
3805978,2
3806564,2
3806751,2
3806986,2
3807585,2
3807802,2
3808416,2
3808476,2
3808681,2
3808883,2
3808892,2
3809479,2
3809898,2
3810450,2
3811060,2
3811117,2
3811129,2
3811176,2
3812796,2
3812915,2
3813395,2
3814274,2
3814568,2
3815393,2
3815639,2
3815651,2
3816409,2
3816711,2
3817318,2
3818307,2
3818339,2
3819106,2
3819636,2
3819960,2
3820959,2
3821090,2
3821421,2
3821542,2
3821554,2
3821701,2
3822757,2
3823452,2
3823789,2
3823845,2
3823878,2
3824164,2
3825376,2
3826755,2
3826794,2
3827006,2
3827009,2
3827131,2
3827831,2
3828311,2
3828526,2
3828555,2
3829056,2
3829223,2
3829301,2
3829649,2
3829819,2
3830057,2
3830826,2
3831225,2
3831357,2
3831372,2
3832011,2
3832737,2
3833010,2
3833188,2
3833475,2
3833576,2
3833785,2
3834268,2
3834548,2
3835232,2
3835344,2
3835962,2
3835963,2
3835965,2
3835966,2
3835977,2
3836946,2
3839071,2
3839189,2
3839227,2
3839307,2
3839665,2
3840122,2
3843093,2
3843419,2
3843970,2
3848711,2
3850559,2
3850853,2
3851071,2
3852397,2
3853611,2
3853638,2
3853648,2
3853801,2
3853921,2
3854008,2
3854602,2
3854628,2
3855285,2
3855299,2
3855551,2
3855762,2
3856879,2
3857013,2
3857015,2
3857456,2
3857721,2
3857847,2
3857955,2
3858188,2
3858265,2
3858462,2
3858564,2
3859023,2
3860077,2
3860095,2
3860863,2
3860964,2
3861147,2
3861268,2
3861357,2
3861511,2
3861607,2
3861666,2
3861742,2
3861831,2
3862091,2
3862346,2
3862475,2
3863337,2
3863339,2
3881251,2
3881437,2
3884174,2
3889689,2
3890579,2
3892844,2
3895389,2
3895390,2
3895391,2
3895392,2
3895395,2
3895402,2
3895403,2
3895404,2
3895408,2
3895411,2
3895412,2
3895413,2
3895414,2
3895418,2
3895420,2
3938804,2
3942575,2
3942585,2
3942591,2
3942608,2
3942610,2
3942613,2
3942663,2
3942671,2
4008889,2
4009668,2
4010087,2
4010240,2
4011380,2
4011750,2
4011894,2
4015962,2
4019584,2
4019746,2
4019973,2
4020029,2
4020626,2
4022044,2
4022781,2
4104851,2
4104854,2
4104864,2
4105023,2
4105029,2
4105030,2
4105061,2
4170050,2
4170086,2
4170127,2
4170144,2
4170165,2
4170171,2
4170197,2
4170744,2
4171193,2
4184997,2
4185049,2
4185066,2
4185171,2
4185255,2
4187325,2
4187336,2
4187393,2
4187398,2
4187404,2
4189721,2
4198803,2
4199485,2
4328948,2
4329094,2
4329230,2
4329252,2
4329307,2
4329326,2
4329351,2
4331998,2
4332103,2
4332154,2
4332155,2
4332266,2
4332382,2
4391609,2
4406733,2
4406925,2
4406926,2
4510101,2
4510104,2
4510106,2
4531557,2
4531565,2
4531568,2
4642652,2
4642752,2
4643717,2
4644689,2
4735960,2
4736408,2
4736614,2
4737267,2
4740772,2
4740911,2
4740940,2
4746861,2
4746872,2
4747029,2
4793553,2
4797067,2
4797337,2
4798029,2
4798034,2
4798037,2
4798936,2
4799517,2
4800886,2
4803868,2
4804062,2
4804316,2
4805025,2
4806318,2
4807180,2
4808997,2
4811423,2
4811580,2
4812561,2
4815760,2
4815845,2
4816018,2
4816413,2
4821995,2
4822015,2
4822852,2
4823020,2
4823508,2
4825595,2
4825904,2
4826074,2
4826151,2
4826264,2
4826377,2
4826743,2
4826960,2
4827492,2
4827519,2
4828490,2
4828578,2
4828748,2
4828833,2
4829264,2
4829268,2
4829881,2
4829972,2
4830300,2
4830325,2
4830550,2
4830586,2
4831414,2
4831855,2
4832106,2
4832108,2
4832119,2
4832429,2
4832448,2
4832849,2
4832957,2
4833511,2
4833622,2
4833628,2
4834064,2
4834210,2
4834317,2
4834322,2
4834434,2
4834526,2
4834586,2
4834880,2
4835956,2
4836451,2
4836478,2
4836520,2
4836756,2
4836808,2
4836932,2
4836964,2
4837356,2
4838023,2
4838052,2
4838983,2
4839611,2
4839733,2
4840059,2
4840090,2
4840174,2
4841120,2
4841338,2
4841592,2
4841654,2
4841769,2
4841785,2
4841826,2
4842045,2
4842741,2
4842791,2
4843189,2
4843811,2
4843871,2
4844010,2
4845523,2
4845611,2
4845920,2
4846695,2
4846760,2
4847504,2
4847658,2
4848260,2
4849919,2
4850733,2
4850853,2
4852673,2
4853783,2
4854160,2
4854323,2
4854416,2
4856984,2
4856985,2
4856995,2
4860467,2
4862399,2
4863023,2
4866205,2
4866560,2
4867797,2
4868218,2
4869610,2
4871798,2
4874315,2
4874674,2
4875228,2
4875603,2
4877459,2
4878265,2
4878379,2
4878603,2
4879216,2
4879285,2
4880684,2
4880766,2
4881622,2
4881647,2
4882397,2
4882874,2
4884082,2
4884452,2
4884485,2
4884774,2
4886527,2
4886592,2
4886601,2
4888162,2
4891172,2
4891320,2
4892022,2
4893445,2
4906794,2
4907059,2
4908222,2
4909541,2
4909542,2
4909543,2
4909544,2
4909545,2
4909546,2
4909547,2
4909548,2
4909549,2
4909550,2
4909551,2
4909552,2
4909553,2
4909554,2
4909556,2
4909557,2
4909558,2
4909559,2
4909560,2
4909561,2
4909562,2
4909563,2
4909564,2
4909565,2
4909566,2
4909567,2
4909568,2
4909569,2
4909570,2
4909571,2
4909572,2
4909573,2
4909574,2
4909575,2
4909576,2
4909577,2
4909578,2
4909580,2
4909581,2
4909582,2
4909583,2
4909584,2
4909585,2
4909586,2
4909587,2
4909588,2
4909589,2
4909590,2
4909591,2
4909592,2
4909593,2
4909594,2
4909595,2
4909596,2
4909597,2
4909598,2
4909599,2
4909600,2
4909601,2
4909602,2
4909603,2
4909604,2
4909605,2
4909606,2
4909607,2
4909608,2
4909609,2
4909610,2
4909611,2
4909612,2
4909613,2
4909614,2
4909615,2
4909616,2
4909617,2
4909618,2
4909619,2
4909620,2
4909621,2
4909622,2
4909623,2
4909624,2
4909625,2
4909626,2
4909628,2
4909629,2
4909630,2
4909631,2
4909632,2
4909633,2
4909634,2
4909635,2
4909636,2
4909637,2
4909639,2
4909640,2
4909641,2
4909642,2
4909643,2
4909644,2
4909645,2
4909646,2
4909647,2
4909648,2
4909649,2
4909650,2
4909652,2
4909653,2
4909654,2
4909655,2
4909656,2
4909657,2
4910416,2
4911465,2
4911821,2
4912062,2
4913065,2
4913957,2
4914297,2
4914324,2
4915048,2
4915050,2
4915247,2
4915248,2
4915408,2
4915430,2
4915627,2
4915628,2
4917776,2
4918092,2
4918509,2
4918994,2
4919274,2
4919275,2
4919276,2
4919277,2
4919278,2
4919279,2
4919280,2
4919281,2
4919282,2
4919283,2
4919284,2
4919285,2
4919286,2
4919287,2
4919288,2
4919289,2
4919290,2
4919291,2
4919292,2
4919293,2
4919294,2
4919295,2
4919296,2
4919297,2
4919298,2
4919299,2
4919300,2
4919301,2
4919302,2
4919303,2
4919304,2
4919305,2
4919306,2
4919307,2
4919308,2
4919309,2
4919310,2
4919311,2
4919312,2
4919313,2
4919314,2
4919315,2
4919316,2
4919317,2
4919318,2
4919319,2
4919320,2
4919321,2
4919322,2
4919323,2
4921509,2
4921721,2
4922497,2
4922647,2
4924587,2
4924588,2
4924590,2
4924595,2
4924610,2
4924611,2
4942621,2
4946411,2
4952075,2
4956299,2
4956719,2
4961100,2
4961704,2
4961705,2
4962327,2
4962928,2
4962935,2
4963525,2
4963693,2
4963738,2
4967353,2
4967354,2
4967355,2
4967356,2
4967357,2
4967358,2
4967359,2
4967360,2
4967361,2
4967362,2
4967363,2
4967364,2
4967365,2
4967366,2
4967367,2
4967368,2
4967369,2
4967370,2
4967371,2
4967372,2
4967373,2
4967374,2
4967375,2
4967376,2
4967377,2
4967378,2
4967379,2
4967380,2
4967381,2
4967382,2
4967383,2
4967384,2
4967385,2
4967386,2
4967387,2
4967388,2
4967389,2
4967390,2
4967391,2
4967392,2
4967393,2
4967394,2
4967395,2
4967396,2
4967397,2
4967398,2
4967399,2
4967400,2
4967401,2
4967402,2
4967403,2
4967404,2
4967405,2
4967406,2
4967407,2
4967408,2
4967409,2
4967410,2
4967411,2
4967412,2
4967413,2
4967414,2
4967415,2
4967416,2
4967417,2
4967418,2
4967419,2
4967420,2
4967421,2
4967422,2
4967423,2
4967424,2
4967425,2
4967426,2
4967427,2
4967428,2
4967429,2
4967430,2
4967431,2
4967432,2
4967433,2
4967434,2
4967435,2
4967436,2
4967437,2
4967438,2
4967439,2
4967440,2
4967441,2
4967442,2
4967443,2
4967444,2
4967445,2
4967446,2
4967447,2
4967448,2
4967449,2
4967450,2
4967451,2
4967452,2
4967453,2
4967454,2
4967455,2
4967456,2
4967457,2
4967458,2
4967459,2
4967460,2
4967461,2
4967462,2
4967463,2
4967464,2
4967465,2
4967466,2
4967467,2
4967468,2
4967469,2
4967470,2
4967471,2
4967472,2
4967473,2
4967474,2
4967475,2
4967476,2
4967477,2
4967478,2
4967479,2
4967480,2
4967481,2
4967482,2
4967483,2
4967484,2
4967485,2
4967486,2
4967487,2
4967488,2
4967489,2
4967490,2
4967491,2
4967492,2
4967493,2
4967494,2
4967495,2
4967496,2
4967497,2
4967498,2
4967499,2
4967500,2
4967501,2
4967502,2
4967503,2
4967504,2
4967505,2
4967506,2
4967507,2
4967508,2
4967509,2
4967510,2
4967511,2
4967512,2
4967513,2
4967514,2
4967515,2
4967516,2
4967517,2
4967518,2
4967519,2
4967520,2
4967521,2
4967522,2
4967523,2
4967524,2
4967875,2
